customer_id,country,acquisition_channel,plan,monthly_price,scored_on,churn_prob,segment_id,tenure_days,risk_band
1,US,organic,Basic,10.00,20261001,0.0076,1,76,Low
2,NG,partner,Pro,30.00,20261001,0.0010,2,411,Low
4,ZA,organic,Pro,30.00,20261001,0.0005,2,195,Low
6,US,organic,Pro,30.00,20261001,0.0009,2,356,Low
7,NG,referral,Basic,10.00,20261001,0.0033,2,631,Low
8,GB,organic,Pro,30.00,20261001,0.0116,2,296,Low
10,KE,referral,Basic,10.00,20261001,0.0058,1,42,Low
11,NG,ads,Pro,30.00,20261001,0.0079,0,268,Low
15,KE,organic,Basic,10.00,20261001,0.0004,2,371,Low
16,ZA,organic,Basic,10.00,20261001,0.0066,1,49,Low
18,US,organic,Basic,10.00,20261001,0.0211,2,304,Low
20,NG,referral,Team,80.00,20261001,0.0010,2,438,Low
22,GB,referral,Basic,10.00,20261001,0.0036,1,187,Low
24,NG,ads,Basic,10.00,20261001,0.0046,1,244,Low
25,US,organic,Pro,30.00,20261001,0.0091,2,406,Low
26,NG,ads,Pro,30.00,20261001,0.0087,0,491,Low
27,US,partner,Team,80.00,20261001,0.0009,2,171,Low
31,GH,organic,Pro,30.00,20261001,0.0046,2,668,Low
32,NG,ads,Basic,10.00,20261001,0.0033,0,247,Low
34,GH,referral,Basic,10.00,20261001,0.0013,1,75,Low
37,ZA,ads,Basic,10.00,20261001,0.0245,0,178,Low
38,ZA,organic,Team,80.00,20261001,0.0042,2,665,Low
40,US,ads,Pro,30.00,20261001,0.0138,1,42,Low
41,GB,organic,Basic,10.00,20261001,0.0048,1,115,Low
45,GH,organic,Team,80.00,20261001,0.0018,2,518,Low
50,KE,organic,Team,80.00,20261001,0.0036,0,307,Low
53,GH,organic,Pro,30.00,20261001,0.0107,2,448,Low
57,GH,organic,Basic,10.00,20261001,0.1895,2,549,Medium
61,GH,partner,Basic,10.00,20261001,0.0009,1,91,Low
63,US,ads,Basic,10.00,20261001,0.0103,1,151,Low
64,ZA,organic,Pro,30.00,20261001,0.0037,2,377,Low
65,ZA,ads,Team,80.00,20261001,0.0140,0,452,Low
69,KE,partner,Pro,30.00,20261001,0.0013,2,657,Low
71,GB,organic,Basic,10.00,20261001,0.0113,1,188,Low
72,GB,organic,Team,80.00,20261001,0.0389,2,222,Low
73,ZA,ads,Pro,30.00,20261001,0.0010,2,483,Low
75,GH,partner,Team,80.00,20261001,0.0013,2,285,Low
80,KE,referral,Team,80.00,20261001,0.0023,2,220,Low
81,GH,referral,Pro,30.00,20261001,0.0010,2,230,Low
82,GH,ads,Pro,30.00,20261001,0.0027,0,245,Low
87,KE,organic,Team,80.00,20261001,0.0064,1,30,Low
89,GB,organic,Basic,10.00,20261001,0.0041,2,687,Low
90,GH,organic,Team,80.00,20261001,0.0016,1,42,Low
94,NG,organic,Pro,30.00,20261001,0.0032,2,375,Low
96,ZA,organic,Pro,30.00,20261001,0.0009,2,556,Low
97,KE,organic,Basic,10.00,20261001,0.2837,1,125,High
98,NG,organic,Basic,10.00,20261001,0.0035,2,286,Low
100,GH,organic,Pro,30.00,20261001,0.0009,1,153,Low
101,GH,ads,Basic,10.00,20261001,0.0030,1,40,Low
102,KE,referral,Basic,10.00,20261001,0.0044,1,192,Low
103,KE,partner,Basic,10.00,20261001,0.0040,2,435,Low
106,GB,partner,Basic,10.00,20261001,0.0041,1,180,Low
108,GB,organic,Basic,10.00,20261001,0.0225,1,160,Low
109,KE,referral,Pro,30.00,20261001,0.0562,2,225,Low
112,GB,referral,Pro,30.00,20261001,0.0012,1,54,Low
115,ZA,ads,Pro,30.00,20261001,0.0010,2,281,Low
119,NG,organic,Pro,30.00,20261001,0.0177,0,139,Low
120,KE,ads,Basic,10.00,20261001,0.0006,2,487,Low
124,NG,ads,Basic,10.00,20261001,0.0079,2,508,Low
127,KE,ads,Basic,10.00,20261001,0.0011,1,238,Low
128,GH,referral,Pro,30.00,20261001,0.1102,2,436,Medium
131,GH,referral,Team,80.00,20261001,0.0808,2,415,Medium
133,NG,referral,Pro,30.00,20261001,0.0148,1,163,Low
135,US,referral,Team,80.00,20261001,0.0055,0,231,Low
137,ZA,organic,Basic,10.00,20261001,0.0163,2,674,Low
138,GB,organic,Basic,10.00,20261001,0.0031,2,503,Low
139,ZA,referral,Basic,10.00,20261001,0.0032,1,180,Low
140,GB,organic,Basic,10.00,20261001,0.0039,2,487,Low
142,US,organic,Pro,30.00,20261001,0.0072,2,465,Low
145,GH,ads,Pro,30.00,20261001,0.0456,1,129,Low
146,GH,referral,Basic,10.00,20261001,0.0034,1,222,Low
147,GH,referral,Basic,10.00,20261001,0.0005,1,91,Low
148,GB,partner,Basic,10.00,20261001,0.0202,2,390,Low
149,US,referral,Pro,30.00,20261001,0.0005,2,191,Low
153,ZA,ads,Basic,10.00,20261001,0.0006,1,248,Low
154,US,organic,Basic,10.00,20261001,0.1475,1,107,Medium
155,GH,organic,Pro,30.00,20261001,0.0047,1,49,Low
156,NG,ads,Basic,10.00,20261001,0.0387,2,312,Low
157,ZA,organic,Pro,30.00,20261001,0.0196,1,38,Low
158,KE,ads,Team,80.00,20261001,0.0476,2,570,Low
162,KE,organic,Basic,10.00,20261001,0.0008,2,628,Low
164,ZA,partner,Basic,10.00,20261001,0.0145,2,445,Low
165,KE,organic,Pro,30.00,20261001,0.0145,1,32,Low
166,GB,partner,Team,80.00,20261001,0.0009,2,593,Low
167,ZA,ads,Basic,10.00,20261001,0.0022,2,376,Low
169,US,organic,Basic,10.00,20261001,0.0043,2,307,Low
171,US,organic,Team,80.00,20261001,0.0049,2,493,Low
172,KE,ads,Pro,30.00,20261001,0.0044,2,347,Low
174,US,ads,Team,80.00,20261001,0.2533,0,84,High
177,KE,organic,Basic,10.00,20261001,0.0244,0,99,Low
178,NG,referral,Team,80.00,20261001,0.0143,1,127,Low
181,ZA,referral,Team,80.00,20261001,0.0010,2,151,Low
183,GB,ads,Team,80.00,20261001,0.0068,2,412,Low
184,ZA,organic,Basic,10.00,20261001,0.0018,2,439,Low
185,GH,organic,Pro,30.00,20261001,0.0023,2,682,Low
186,KE,ads,Team,80.00,20261001,0.0008,2,582,Low
188,US,organic,Basic,10.00,20261001,0.0066,2,299,Low
189,ZA,organic,Pro,30.00,20261001,0.0058,1,72,Low
190,KE,organic,Basic,10.00,20261001,0.0098,2,643,Low
192,KE,ads,Pro,30.00,20261001,0.0181,0,670,Low
194,KE,referral,Pro,30.00,20261001,0.0065,1,129,Low
196,GH,ads,Pro,30.00,20261001,0.0028,2,626,Low
199,GB,referral,Team,80.00,20261001,0.0054,2,344,Low
201,ZA,partner,Basic,10.00,20261001,0.0058,2,549,Low
202,US,referral,Basic,10.00,20261001,0.0087,0,167,Low
207,ZA,referral,Team,80.00,20261001,0.0014,2,499,Low
208,GB,organic,Basic,10.00,20261001,0.0009,1,221,Low
210,GH,ads,Basic,10.00,20261001,0.0051,1,158,Low
211,US,ads,Pro,30.00,20261001,0.0124,1,54,Low
214,ZA,organic,Team,80.00,20261001,0.0061,2,367,Low
215,GB,ads,Team,80.00,20261001,0.0051,2,284,Low
216,KE,organic,Pro,30.00,20261001,0.0031,2,670,Low
219,ZA,ads,Pro,30.00,20261001,0.0053,2,257,Low
220,NG,ads,Pro,30.00,20261001,0.1200,0,35,Medium
225,KE,ads,Pro,30.00,20261001,0.0012,2,296,Low
227,KE,organic,Team,80.00,20261001,0.0012,2,411,Low
228,KE,organic,Team,80.00,20261001,0.0005,2,265,Low
230,KE,referral,Pro,30.00,20261001,0.0012,2,675,Low
231,KE,partner,Basic,10.00,20261001,0.0046,1,71,Low
232,GH,organic,Pro,30.00,20261001,0.0043,2,267,Low
239,GB,organic,Basic,10.00,20261001,0.0399,1,36,Low
241,US,organic,Team,80.00,20261001,0.0028,2,233,Low
242,ZA,organic,Pro,30.00,20261001,0.0135,2,571,Low
243,ZA,organic,Basic,10.00,20261001,0.0055,1,125,Low
244,US,referral,Team,80.00,20261001,0.0013,2,630,Low
245,ZA,organic,Basic,10.00,20261001,0.0533,2,525,Low
250,KE,referral,Pro,30.00,20261001,0.0004,1,165,Low
251,US,organic,Pro,30.00,20261001,0.2775,1,156,High
254,ZA,referral,Basic,10.00,20261001,0.0585,2,535,Low
256,GB,referral,Pro,30.00,20261001,0.0047,1,116,Low
258,US,ads,Basic,10.00,20261001,0.1436,1,274,Medium
261,GH,organic,Basic,10.00,20261001,0.0076,0,512,Low
264,ZA,organic,Basic,10.00,20261001,0.0015,0,520,Low
266,US,ads,Pro,30.00,20261001,0.1828,2,704,Medium
270,US,referral,Team,80.00,20261001,0.0056,0,100,Low
271,ZA,ads,Pro,30.00,20261001,0.0157,1,42,Low
272,KE,ads,Pro,30.00,20261001,0.0034,2,463,Low
273,NG,ads,Pro,30.00,20261001,0.0057,1,84,Low
274,GB,ads,Basic,10.00,20261001,0.0007,2,365,Low
275,KE,ads,Team,80.00,20261001,0.0007,2,228,Low
276,GH,ads,Team,80.00,20261001,0.0020,2,554,Low
277,US,organic,Pro,30.00,20261001,0.0025,0,153,Low
280,GB,organic,Basic,10.00,20261001,0.0373,0,712,Low
281,NG,organic,Basic,10.00,20261001,0.0010,1,242,Low
282,KE,partner,Team,80.00,20261001,0.0032,2,226,Low
283,GH,organic,Basic,10.00,20261001,0.0060,2,481,Low
284,NG,ads,Basic,10.00,20261001,0.0075,1,117,Low
285,NG,partner,Pro,30.00,20261001,0.0073,2,289,Low
286,NG,referral,Pro,30.00,20261001,0.0046,2,193,Low
287,NG,ads,Pro,30.00,20261001,0.0020,2,318,Low
295,NG,organic,Basic,10.00,20261001,0.0837,2,329,Medium
296,US,organic,Pro,30.00,20261001,0.0009,2,719,Low
298,GB,referral,Basic,10.00,20261001,0.0043,1,251,Low
299,ZA,organic,Team,80.00,20261001,0.0066,2,289,Low
300,NG,referral,Basic,10.00,20261001,0.0011,2,272,Low
303,GH,referral,Pro,30.00,20261001,0.0164,2,541,Low
304,KE,organic,Team,80.00,20261001,0.0011,2,244,Low
305,GH,ads,Basic,10.00,20261001,0.3260,0,447,High
307,KE,organic,Basic,10.00,20261001,0.0249,1,34,Low
309,US,ads,Basic,10.00,20261001,0.0020,1,231,Low
311,US,organic,Pro,30.00,20261001,0.0006,1,86,Low
312,NG,organic,Pro,30.00,20261001,0.0043,2,424,Low
316,NG,organic,Team,80.00,20261001,0.0055,2,221,Low
317,GB,organic,Pro,30.00,20261001,0.0055,0,183,Low
321,GB,partner,Basic,10.00,20261001,0.0060,1,77,Low
322,GB,partner,Basic,10.00,20261001,0.0011,2,570,Low
323,US,partner,Pro,30.00,20261001,0.0008,2,249,Low
325,NG,organic,Basic,10.00,20261001,0.0058,1,57,Low
326,US,organic,Basic,10.00,20261001,0.0019,1,130,Low
329,GB,ads,Basic,10.00,20261001,0.0194,1,36,Low
330,ZA,partner,Pro,30.00,20261001,0.0033,2,592,Low
332,KE,referral,Team,80.00,20261001,0.1027,2,269,Medium
336,GH,referral,Pro,30.00,20261001,0.0037,2,510,Low
337,GB,referral,Pro,30.00,20261001,0.0005,2,400,Low
339,NG,ads,Basic,10.00,20261001,0.0033,1,239,Low
341,NG,organic,Basic,10.00,20261001,0.0193,1,74,Low
342,NG,organic,Pro,30.00,20261001,0.0040,2,474,Low
344,US,referral,Pro,30.00,20261001,0.0022,2,210,Low
347,ZA,referral,Team,80.00,20261001,0.0137,2,688,Low
348,GB,referral,Team,80.00,20261001,0.0022,2,580,Low
349,NG,organic,Basic,10.00,20261001,0.0217,0,563,Low
350,US,organic,Basic,10.00,20261001,0.0103,0,233,Low
352,NG,organic,Basic,10.00,20261001,0.0097,2,611,Low
353,GH,organic,Basic,10.00,20261001,0.0036,2,709,Low
356,GB,organic,Basic,10.00,20261001,0.0027,2,694,Low
358,KE,referral,Basic,10.00,20261001,0.0010,1,104,Low
360,GB,referral,Basic,10.00,20261001,0.0106,0,160,Low
364,GB,ads,Basic,10.00,20261001,0.0051,0,621,Low
365,NG,organic,Pro,30.00,20261001,0.0556,0,643,Low
366,KE,organic,Pro,30.00,20261001,0.0014,2,196,Low
367,KE,ads,Pro,30.00,20261001,0.1106,2,619,Medium
368,KE,partner,Pro,30.00,20261001,0.0065,2,429,Low
369,NG,ads,Pro,30.00,20261001,0.0063,2,487,Low
370,GB,organic,Basic,10.00,20261001,0.0107,1,46,Low
372,ZA,organic,Basic,10.00,20261001,0.0054,1,279,Low
373,NG,partner,Team,80.00,20261001,0.0038,0,516,Low
374,NG,organic,Pro,30.00,20261001,0.0023,2,708,Low
375,GH,ads,Pro,30.00,20261001,0.0007,2,229,Low
376,KE,organic,Basic,10.00,20261001,0.0049,2,605,Low
381,ZA,ads,Pro,30.00,20261001,0.0014,2,420,Low
383,NG,referral,Pro,30.00,20261001,0.4470,0,281,High
387,US,ads,Team,80.00,20261001,0.0014,2,411,Low
388,GB,organic,Team,80.00,20261001,0.0014,2,555,Low
392,NG,ads,Basic,10.00,20261001,0.0021,2,309,Low
393,ZA,ads,Pro,30.00,20261001,0.0155,0,280,Low
395,ZA,ads,Basic,10.00,20261001,0.1113,2,315,Medium
396,KE,referral,Basic,10.00,20261001,0.0052,2,630,Low
401,KE,ads,Pro,30.00,20261001,0.0032,2,270,Low
402,KE,organic,Basic,10.00,20261001,0.0008,1,56,Low
403,GB,partner,Basic,10.00,20261001,0.0056,1,246,Low
405,NG,referral,Basic,10.00,20261001,0.0044,1,235,Low
407,GH,organic,Basic,10.00,20261001,0.1516,2,364,Medium
408,US,organic,Pro,30.00,20261001,0.0004,1,113,Low
409,GH,ads,Team,80.00,20261001,0.0095,1,60,Low
410,KE,referral,Basic,10.00,20261001,0.0005,1,84,Low
411,GH,ads,Basic,10.00,20261001,0.0020,2,460,Low
413,GH,partner,Basic,10.00,20261001,0.0056,1,231,Low
415,NG,ads,Team,80.00,20261001,0.0037,2,543,Low
416,US,organic,Basic,10.00,20261001,0.0009,1,69,Low
418,GB,ads,Team,80.00,20261001,0.0157,2,219,Low
419,ZA,referral,Pro,30.00,20261001,0.0033,0,401,Low
420,US,ads,Basic,10.00,20261001,0.9616,1,97,High
423,US,organic,Basic,10.00,20261001,0.1965,0,70,Medium
424,KE,organic,Basic,10.00,20261001,0.0005,1,84,Low
431,US,ads,Pro,30.00,20261001,0.0184,1,46,Low
432,NG,organic,Basic,10.00,20261001,0.0178,0,362,Low
433,KE,organic,Team,80.00,20261001,0.0036,2,407,Low
435,NG,referral,Pro,30.00,20261001,0.0065,0,58,Low
436,US,ads,Pro,30.00,20261001,0.0006,2,244,Low
437,US,partner,Basic,10.00,20261001,0.0066,1,217,Low
438,NG,organic,Basic,10.00,20261001,0.0112,2,272,Low
440,KE,organic,Team,80.00,20261001,0.3288,0,486,High
441,GB,ads,Basic,10.00,20261001,0.0109,0,270,Low
442,ZA,ads,Pro,30.00,20261001,0.0251,1,179,Low
443,ZA,partner,Team,80.00,20261001,0.0875,2,489,Medium
445,US,organic,Basic,10.00,20261001,0.0008,2,337,Low
446,ZA,partner,Pro,30.00,20261001,0.0028,1,88,Low
449,GB,organic,Pro,30.00,20261001,0.0016,2,311,Low
450,GB,organic,Basic,10.00,20261001,0.0042,2,571,Low
453,KE,organic,Pro,30.00,20261001,0.0280,0,90,Low
454,GB,ads,Pro,30.00,20261001,0.6461,2,542,High
455,US,ads,Team,80.00,20261001,0.0033,2,248,Low
457,GH,organic,Team,80.00,20261001,0.0150,2,597,Low
458,GH,organic,Basic,10.00,20261001,0.1450,1,298,Medium
460,KE,ads,Pro,30.00,20261001,0.0006,1,147,Low
461,NG,organic,Pro,30.00,20261001,0.0110,2,651,Low
462,KE,organic,Pro,30.00,20261001,0.0030,2,252,Low
463,NG,ads,Pro,30.00,20261001,0.0048,2,335,Low
464,GB,referral,Pro,30.00,20261001,0.0333,0,184,Low
466,KE,referral,Pro,30.00,20261001,0.0038,2,388,Low
467,NG,ads,Basic,10.00,20261001,0.0004,2,290,Low
468,ZA,organic,Basic,10.00,20261001,0.0164,1,169,Low
470,NG,ads,Basic,10.00,20261001,0.0017,1,156,Low
472,KE,referral,Pro,30.00,20261001,0.0046,2,319,Low
473,NG,organic,Basic,10.00,20261001,0.0237,1,42,Low
477,NG,organic,Team,80.00,20261001,0.1692,2,572,Medium
479,ZA,referral,Basic,10.00,20261001,0.0111,0,311,Low
480,ZA,organic,Basic,10.00,20261001,0.0079,2,291,Low
482,NG,partner,Basic,10.00,20261001,0.0010,2,470,Low
483,GH,referral,Basic,10.00,20261001,0.1193,0,379,Medium
486,GH,referral,Pro,30.00,20261001,0.0006,1,125,Low
490,GB,ads,Pro,30.00,20261001,0.0008,2,451,Low
492,ZA,organic,Team,80.00,20261001,0.0042,0,114,Low
494,US,ads,Team,80.00,20261001,0.0013,2,292,Low
496,NG,organic,Pro,30.00,20261001,0.0012,2,676,Low
498,GH,referral,Pro,30.00,20261001,0.0092,2,232,Low
503,GH,organic,Basic,10.00,20261001,0.0009,1,265,Low
504,GB,ads,Basic,10.00,20261001,0.2614,1,80,High
506,KE,referral,Team,80.00,20261001,0.0029,1,77,Low
510,ZA,ads,Basic,10.00,20261001,0.0091,1,66,Low
511,GB,ads,Basic,10.00,20261001,0.0045,2,362,Low
512,GH,organic,Pro,30.00,20261001,0.0007,2,579,Low
516,NG,ads,Basic,10.00,20261001,0.0021,1,202,Low
518,US,organic,Team,80.00,20261001,0.0012,2,309,Low
521,ZA,ads,Basic,10.00,20261001,0.0009,1,119,Low
522,US,ads,Pro,30.00,20261001,0.0185,0,48,Low
523,GH,ads,Basic,10.00,20261001,0.0043,1,35,Low
524,US,organic,Basic,10.00,20261001,0.0093,0,379,Low
529,KE,organic,Pro,30.00,20261001,0.0033,2,388,Low
530,KE,organic,Pro,30.00,20261001,0.0170,0,153,Low
531,GB,partner,Pro,30.00,20261001,0.0009,1,125,Low
533,NG,organic,Basic,10.00,20261001,0.0023,2,529,Low
534,US,partner,Basic,10.00,20261001,0.0715,2,409,Low
540,NG,organic,Basic,10.00,20261001,0.0019,1,104,Low
542,US,referral,Team,80.00,20261001,0.0009,2,409,Low
547,ZA,ads,Pro,30.00,20261001,0.0027,1,47,Low
550,KE,organic,Pro,30.00,20261001,0.0959,2,237,Medium
551,KE,partner,Basic,10.00,20261001,0.0039,2,302,Low
552,GH,organic,Pro,30.00,20261001,0.0009,2,214,Low
555,GB,ads,Basic,10.00,20261001,0.0006,1,93,Low
556,US,organic,Basic,10.00,20261001,0.0009,2,321,Low
557,US,referral,Basic,10.00,20261001,0.0018,1,188,Low
558,GB,ads,Basic,10.00,20261001,0.0226,1,68,Low
559,KE,organic,Basic,10.00,20261001,0.0050,2,456,Low
560,US,organic,Team,80.00,20261001,0.0039,2,596,Low
563,GB,referral,Basic,10.00,20261001,0.0238,1,272,Low
564,NG,organic,Pro,30.00,20261001,0.0337,2,598,Low
565,KE,referral,Basic,10.00,20261001,0.0290,1,233,Low
566,GH,ads,Basic,10.00,20261001,0.1985,0,324,Medium
568,GH,referral,Basic,10.00,20261001,0.2724,2,528,High
569,US,referral,Basic,10.00,20261001,0.0383,2,324,Low
570,GB,ads,Basic,10.00,20261001,0.0057,2,415,Low
571,GH,partner,Pro,30.00,20261001,0.0029,2,472,Low
574,US,ads,Pro,30.00,20261001,0.0018,0,162,Low
575,KE,organic,Pro,30.00,20261001,0.0097,2,554,Low
577,KE,organic,Team,80.00,20261001,0.0047,0,450,Low
579,US,organic,Pro,30.00,20261001,0.7921,0,392,High
580,ZA,organic,Basic,10.00,20261001,0.0055,1,56,Low
582,ZA,organic,Basic,10.00,20261001,0.0979,2,689,Medium
586,KE,organic,Pro,30.00,20261001,0.0077,2,540,Low
587,US,ads,Basic,10.00,20261001,0.0066,2,389,Low
588,GH,ads,Basic,10.00,20261001,0.0052,1,111,Low
589,US,organic,Team,80.00,20261001,0.0009,2,499,Low
593,KE,organic,Basic,10.00,20261001,0.0079,2,506,Low
594,US,organic,Pro,30.00,20261001,0.0035,2,418,Low
595,GB,ads,Pro,30.00,20261001,0.0326,1,35,Low
596,KE,referral,Basic,10.00,20261001,0.0102,1,239,Low
597,US,partner,Pro,30.00,20261001,0.0682,2,265,Low
601,GB,organic,Basic,10.00,20261001,0.0011,2,627,Low
603,GB,ads,Basic,10.00,20261001,0.2681,0,89,High
606,GH,ads,Pro,30.00,20261001,0.0062,2,709,Low
608,GB,ads,Basic,10.00,20261001,0.0064,1,242,Low
611,ZA,partner,Basic,10.00,20261001,0.0068,0,202,Low
612,ZA,organic,Pro,30.00,20261001,0.1144,2,399,Medium
615,GH,partner,Pro,30.00,20261001,0.0341,2,229,Low
617,GH,organic,Pro,30.00,20261001,0.0081,2,491,Low
619,GH,organic,Pro,30.00,20261001,0.0014,2,501,Low
620,GH,referral,Team,80.00,20261001,0.0026,2,316,Low
622,KE,organic,Pro,30.00,20261001,0.0040,0,252,Low
624,ZA,partner,Basic,10.00,20261001,0.0222,2,331,Low
625,KE,ads,Pro,30.00,20261001,0.0225,0,120,Low
626,US,referral,Pro,30.00,20261001,0.0026,2,640,Low
628,US,partner,Pro,30.00,20261001,0.0036,1,130,Low
629,GB,ads,Basic,10.00,20261001,0.0056,1,154,Low
630,US,organic,Basic,10.00,20261001,0.1681,0,650,Medium
631,ZA,organic,Pro,30.00,20261001,0.0368,0,41,Low
632,NG,ads,Basic,10.00,20261001,0.0007,1,229,Low
634,ZA,organic,Basic,10.00,20261001,0.0103,2,587,Low
637,GB,organic,Basic,10.00,20261001,0.0036,1,128,Low
638,GB,organic,Team,80.00,20261001,0.0101,1,64,Low
639,GH,ads,Pro,30.00,20261001,0.0008,2,505,Low
640,GH,organic,Basic,10.00,20261001,0.0037,0,192,Low
642,KE,ads,Team,80.00,20261001,0.0037,2,213,Low
643,US,organic,Basic,10.00,20261001,0.0007,1,198,Low
644,GB,referral,Basic,10.00,20261001,0.0010,1,141,Low
645,NG,organic,Pro,30.00,20261001,0.0098,1,117,Low
646,GH,ads,Team,80.00,20261001,0.1161,0,408,Medium
649,GH,referral,Team,80.00,20261001,0.0016,2,500,Low
650,GH,ads,Pro,30.00,20261001,0.1219,1,149,Medium
652,GB,organic,Pro,30.00,20261001,0.0064,0,602,Low
653,GB,ads,Basic,10.00,20261001,0.0044,1,293,Low
654,KE,ads,Basic,10.00,20261001,0.2155,0,352,Medium
655,KE,organic,Basic,10.00,20261001,0.0008,2,550,Low
657,GB,partner,Basic,10.00,20261001,0.0075,2,573,Low
658,GB,partner,Pro,30.00,20261001,0.0090,2,556,Low
659,KE,ads,Basic,10.00,20261001,0.0056,2,290,Low
660,KE,referral,Basic,10.00,20261001,0.0004,1,80,Low
661,ZA,organic,Team,80.00,20261001,0.9248,0,370,High
662,GH,referral,Pro,30.00,20261001,0.0013,2,262,Low
665,ZA,partner,Pro,30.00,20261001,0.0150,0,460,Low
674,NG,organic,Basic,10.00,20261001,0.0045,2,680,Low
675,GB,organic,Pro,30.00,20261001,0.0443,2,235,Low
679,KE,referral,Pro,30.00,20261001,0.0182,2,597,Low
684,GB,partner,Pro,30.00,20261001,0.0045,0,623,Low
686,NG,ads,Pro,30.00,20261001,0.0050,2,452,Low
687,NG,organic,Basic,10.00,20261001,0.0061,0,346,Low
688,NG,ads,Basic,10.00,20261001,0.0012,2,521,Low
689,GB,ads,Pro,30.00,20261001,0.0124,2,468,Low
690,GH,organic,Basic,10.00,20261001,0.0024,1,129,Low
691,GH,referral,Basic,10.00,20261001,0.0383,0,58,Low
695,GH,ads,Pro,30.00,20261001,0.0010,1,66,Low
697,GH,ads,Pro,30.00,20261001,0.0040,1,157,Low
700,NG,referral,Pro,30.00,20261001,0.0068,2,692,Low
701,GH,referral,Basic,10.00,20261001,0.0086,2,397,Low
702,NG,ads,Pro,30.00,20261001,0.0049,1,107,Low
703,KE,partner,Basic,10.00,20261001,0.0004,1,141,Low
705,GB,referral,Pro,30.00,20261001,0.0038,2,272,Low
706,NG,referral,Pro,30.00,20261001,0.0055,2,696,Low
710,GH,organic,Pro,30.00,20261001,0.0011,2,476,Low
711,KE,ads,Pro,30.00,20261001,0.0974,2,347,Medium
712,US,ads,Pro,30.00,20261001,0.0166,2,584,Low
713,GH,referral,Team,80.00,20261001,0.0093,2,182,Low
717,GB,organic,Pro,30.00,20261001,0.1005,1,46,Medium
719,US,ads,Team,80.00,20261001,0.0017,2,428,Low
722,GH,partner,Pro,30.00,20261001,0.0202,0,92,Low
723,KE,referral,Pro,30.00,20261001,0.0028,1,137,Low
725,GB,organic,Team,80.00,20261001,0.0080,2,540,Low
727,ZA,partner,Team,80.00,20261001,0.0031,2,129,Low
728,NG,referral,Pro,30.00,20261001,0.0043,2,559,Low
733,KE,partner,Pro,30.00,20261001,0.0044,2,268,Low
736,ZA,organic,Basic,10.00,20261001,0.0448,1,197,Low
738,GB,organic,Basic,10.00,20261001,0.0099,2,692,Low
739,GH,organic,Basic,10.00,20261001,0.0026,1,180,Low
740,GH,ads,Pro,30.00,20261001,0.0058,1,40,Low
743,NG,referral,Pro,30.00,20261001,0.0048,2,404,Low
744,GH,organic,Pro,30.00,20261001,0.0017,2,312,Low
746,GH,organic,Basic,10.00,20261001,0.0264,1,36,Low
748,KE,ads,Team,80.00,20261001,0.0034,2,246,Low
750,NG,partner,Pro,30.00,20261001,0.0033,1,76,Low
751,GB,referral,Pro,30.00,20261001,0.0005,1,69,Low
754,US,organic,Pro,30.00,20261001,0.1978,0,619,Medium
755,US,partner,Team,80.00,20261001,0.0006,2,284,Low
759,GB,ads,Pro,30.00,20261001,0.0064,1,122,Low
760,KE,ads,Pro,30.00,20261001,0.0183,0,593,Low
761,NG,organic,Basic,10.00,20261001,0.0039,1,155,Low
763,GH,organic,Team,80.00,20261001,0.0092,2,276,Low
765,GH,ads,Pro,30.00,20261001,0.0566,1,65,Low
766,ZA,organic,Pro,30.00,20261001,0.0069,2,244,Low
767,NG,partner,Basic,10.00,20261001,0.0136,2,678,Low
768,NG,organic,Basic,10.00,20261001,0.0199,2,375,Low
770,GH,organic,Pro,30.00,20261001,0.0065,1,155,Low
772,KE,ads,Basic,10.00,20261001,0.0094,1,38,Low
773,NG,ads,Pro,30.00,20261001,0.0316,1,77,Low
775,GH,organic,Pro,30.00,20261001,0.0005,2,461,Low
776,GB,referral,Pro,30.00,20261001,0.0009,1,82,Low
777,NG,organic,Basic,10.00,20261001,0.0184,2,496,Low
778,ZA,ads,Team,80.00,20261001,0.0028,2,403,Low
780,KE,referral,Pro,30.00,20261001,0.0163,2,415,Low
781,GH,partner,Basic,10.00,20261001,0.0012,2,283,Low
782,ZA,ads,Team,80.00,20261001,0.0150,2,292,Low
783,GH,organic,Basic,10.00,20261001,0.0056,1,82,Low
787,KE,referral,Basic,10.00,20261001,0.0041,2,355,Low
788,US,organic,Team,80.00,20261001,0.1388,2,542,Medium
790,GB,organic,Pro,30.00,20261001,0.0047,2,644,Low
792,KE,ads,Basic,10.00,20261001,0.0007,2,274,Low
797,KE,ads,Team,80.00,20261001,0.0008,2,151,Low
800,US,ads,Basic,10.00,20261001,0.0230,1,198,Low
802,ZA,partner,Basic,10.00,20261001,0.0104,2,396,Low
803,NG,referral,Pro,30.00,20261001,0.0038,2,546,Low
804,GB,ads,Pro,30.00,20261001,0.0983,1,40,Medium
805,ZA,referral,Team,80.00,20261001,0.0048,2,532,Low
806,US,organic,Basic,10.00,20261001,0.0077,1,208,Low
807,GB,ads,Team,80.00,20261001,0.0010,1,69,Low
808,ZA,ads,Basic,10.00,20261001,0.0065,2,553,Low
810,GB,organic,Pro,30.00,20261001,0.0011,2,291,Low
811,ZA,ads,Pro,30.00,20261001,0.0131,1,155,Low
815,ZA,ads,Basic,10.00,20261001,0.0201,0,56,Low
818,GB,referral,Basic,10.00,20261001,0.0311,1,134,Low
824,GB,organic,Team,80.00,20261001,0.0012,2,708,Low
825,KE,referral,Basic,10.00,20261001,0.0049,1,254,Low
826,GH,partner,Basic,10.00,20261001,0.1427,1,179,Medium
827,KE,partner,Team,80.00,20261001,0.0005,2,187,Low
828,KE,ads,Team,80.00,20261001,0.0008,2,137,Low
830,KE,organic,Pro,30.00,20261001,0.0210,0,184,Low
831,NG,ads,Pro,30.00,20261001,0.0386,0,375,Low
832,GB,partner,Pro,30.00,20261001,0.0032,1,70,Low
834,ZA,ads,Team,80.00,20261001,0.0046,2,503,Low
835,NG,ads,Pro,30.00,20261001,0.0076,0,168,Low
836,ZA,organic,Basic,10.00,20261001,0.0010,2,551,Low
837,GB,ads,Basic,10.00,20261001,0.0032,1,120,Low
838,ZA,organic,Basic,10.00,20261001,0.0008,2,311,Low
840,US,referral,Pro,30.00,20261001,0.0052,2,709,Low
844,GB,organic,Basic,10.00,20261001,0.0010,1,66,Low
845,US,organic,Team,80.00,20261001,0.0049,2,360,Low
846,KE,organic,Basic,10.00,20261001,0.0795,2,509,Low
847,ZA,organic,Basic,10.00,20261001,0.1508,1,97,Medium
848,KE,ads,Basic,10.00,20261001,0.0075,1,52,Low
849,US,organic,Pro,30.00,20261001,0.0006,2,716,Low
850,NG,ads,Team,80.00,20261001,0.0017,2,533,Low
853,KE,partner,Pro,30.00,20261001,0.0013,2,417,Low
856,ZA,referral,Basic,10.00,20261001,0.3607,1,262,High
858,ZA,organic,Basic,10.00,20261001,0.0022,2,295,Low
859,NG,organic,Basic,10.00,20261001,0.1518,1,226,Medium
861,GH,partner,Basic,10.00,20261001,0.0088,1,46,Low
862,US,ads,Basic,10.00,20261001,0.0008,1,142,Low
866,ZA,referral,Basic,10.00,20261001,0.0040,2,696,Low
868,NG,organic,Pro,30.00,20261001,0.0005,1,53,Low
869,US,organic,Team,80.00,20261001,0.0156,2,223,Low
870,ZA,organic,Pro,30.00,20261001,0.0129,2,519,Low
871,GB,referral,Pro,30.00,20261001,0.0008,1,90,Low
872,NG,organic,Pro,30.00,20261001,0.0035,0,108,Low
875,ZA,referral,Basic,10.00,20261001,0.0089,0,335,Low
878,NG,organic,Pro,30.00,20261001,0.0009,2,374,Low
879,ZA,partner,Team,80.00,20261001,0.0006,2,523,Low
880,KE,partner,Basic,10.00,20261001,0.0246,1,32,Low
881,US,organic,Pro,30.00,20261001,0.0030,2,596,Low
882,NG,ads,Pro,30.00,20261001,0.0035,1,43,Low
884,GB,organic,Basic,10.00,20261001,0.0045,1,137,Low
886,NG,ads,Pro,30.00,20261001,0.0011,2,354,Low
887,GH,ads,Basic,10.00,20261001,0.0288,1,230,Low
890,KE,referral,Team,80.00,20261001,0.0036,1,109,Low
891,NG,ads,Pro,30.00,20261001,0.0321,2,504,Low
893,KE,organic,Basic,10.00,20261001,0.0061,1,100,Low
894,GH,ads,Basic,10.00,20261001,0.0233,2,490,Low
896,GH,referral,Basic,10.00,20261001,0.0010,1,168,Low
898,US,organic,Pro,30.00,20261001,0.0084,0,333,Low
900,KE,organic,Team,80.00,20261001,0.1268,2,617,Medium
901,GH,organic,Pro,30.00,20261001,0.0111,1,45,Low
903,KE,organic,Basic,10.00,20261001,0.0036,1,172,Low
904,GH,organic,Basic,10.00,20261001,0.0572,1,187,Low
905,GB,organic,Basic,10.00,20261001,0.0117,1,51,Low
906,GH,organic,Pro,30.00,20261001,0.0084,2,542,Low
909,GH,organic,Pro,30.00,20261001,0.0006,2,684,Low
910,KE,organic,Basic,10.00,20261001,0.0008,2,369,Low
912,GH,organic,Basic,10.00,20261001,0.0299,2,371,Low
913,GB,referral,Basic,10.00,20261001,0.0016,1,223,Low
915,US,ads,Basic,10.00,20261001,0.0832,0,32,Medium
916,US,referral,Pro,30.00,20261001,0.0114,2,637,Low
917,US,ads,Basic,10.00,20261001,0.0402,1,59,Low
921,GB,organic,Basic,10.00,20261001,0.0368,0,30,Low
922,ZA,organic,Pro,30.00,20261001,0.0107,0,56,Low
925,KE,partner,Pro,30.00,20261001,0.0884,1,124,Medium
927,NG,organic,Basic,10.00,20261001,0.0005,1,187,Low
928,KE,referral,Basic,10.00,20261001,0.0082,1,57,Low
929,KE,organic,Pro,30.00,20261001,0.0026,2,561,Low
930,GB,referral,Pro,30.00,20261001,0.0095,2,329,Low
931,GB,ads,Pro,30.00,20261001,0.1326,2,426,Medium
935,GB,organic,Basic,10.00,20261001,0.0007,2,539,Low
936,US,ads,Basic,10.00,20261001,0.0039,2,309,Low
945,US,organic,Basic,10.00,20261001,0.0041,1,116,Low
946,KE,organic,Basic,10.00,20261001,0.0053,1,33,Low
947,KE,organic,Basic,10.00,20261001,0.0264,2,443,Low
949,NG,partner,Basic,10.00,20261001,0.0043,1,138,Low
950,US,ads,Pro,30.00,20261001,0.0086,1,45,Low
951,NG,referral,Basic,10.00,20261001,0.0191,1,128,Low
953,KE,referral,Basic,10.00,20261001,0.0408,0,622,Low
954,GB,referral,Basic,10.00,20261001,0.0092,1,194,Low
955,GB,organic,Pro,30.00,20261001,0.1950,1,156,Medium
959,ZA,referral,Basic,10.00,20261001,0.0051,2,421,Low
965,NG,ads,Team,80.00,20261001,0.0037,2,142,Low
967,GB,referral,Pro,30.00,20261001,0.0008,2,399,Low
971,KE,partner,Pro,30.00,20261001,0.0004,1,135,Low
972,ZA,partner,Team,80.00,20261001,0.0036,0,188,Low
973,ZA,organic,Basic,10.00,20261001,0.0086,1,132,Low
977,GH,organic,Team,80.00,20261001,0.0078,2,141,Low
979,KE,referral,Basic,10.00,20261001,0.0021,1,262,Low
986,ZA,ads,Basic,10.00,20261001,0.1520,0,355,Medium
987,GB,ads,Pro,30.00,20261001,0.0013,1,57,Low
989,KE,referral,Basic,10.00,20261001,0.0066,1,60,Low
991,US,organic,Pro,30.00,20261001,0.0010,2,512,Low
994,GB,ads,Pro,30.00,20261001,0.0429,1,137,Low
995,ZA,organic,Pro,30.00,20261001,0.0049,2,464,Low
999,NG,ads,Pro,30.00,20261001,0.0053,2,257,Low
1000,ZA,ads,Pro,30.00,20261001,0.0040,2,202,Low
1001,KE,organic,Team,80.00,20261001,0.0059,2,642,Low
1002,US,partner,Team,80.00,20261001,0.0019,2,458,Low
1003,ZA,ads,Pro,30.00,20261001,0.0100,2,472,Low
1005,KE,ads,Basic,10.00,20261001,0.0429,0,107,Low
1007,US,ads,Pro,30.00,20261001,0.0026,2,562,Low
1008,GB,partner,Basic,10.00,20261001,0.0034,2,668,Low
1009,NG,ads,Basic,10.00,20261001,0.0008,2,684,Low
1011,GB,ads,Basic,10.00,20261001,0.0339,1,33,Low
1012,GB,organic,Pro,30.00,20261001,0.0026,2,201,Low
1015,GH,organic,Basic,10.00,20261001,0.0048,2,712,Low
1018,US,referral,Basic,10.00,20261001,0.0008,2,348,Low
1019,US,ads,Team,80.00,20261001,0.0030,0,78,Low
1020,US,organic,Basic,10.00,20261001,0.0044,2,529,Low
1021,NG,organic,Basic,10.00,20261001,0.0013,2,511,Low
1023,GB,referral,Team,80.00,20261001,0.0091,2,140,Low
1024,US,organic,Pro,30.00,20261001,0.0048,2,720,Low
1026,KE,referral,Team,80.00,20261001,0.0043,2,579,Low
1028,NG,ads,Pro,30.00,20261001,0.0037,2,345,Low
1034,GH,ads,Pro,30.00,20261001,0.0071,2,685,Low
1035,GH,organic,Basic,10.00,20261001,0.0166,2,513,Low
1043,GH,referral,Team,80.00,20261001,0.0015,2,690,Low
1045,GB,organic,Pro,30.00,20261001,0.0098,1,141,Low
1046,NG,referral,Pro,30.00,20261001,0.0038,2,496,Low
1047,US,organic,Basic,10.00,20261001,0.0076,0,524,Low
1050,US,organic,Team,80.00,20261001,0.0038,2,157,Low
1051,US,ads,Basic,10.00,20261001,0.0399,2,341,Low
1052,NG,organic,Team,80.00,20261001,0.0121,1,56,Low
1053,US,referral,Pro,30.00,20261001,0.0010,2,661,Low
1055,GB,partner,Pro,30.00,20261001,0.0045,0,516,Low
1056,NG,organic,Basic,10.00,20261001,0.1199,1,188,Medium
1059,ZA,referral,Team,80.00,20261001,0.0162,2,511,Low
1060,GH,ads,Basic,10.00,20261001,0.0016,1,152,Low
1061,ZA,referral,Pro,30.00,20261001,0.0034,2,547,Low
1062,KE,referral,Basic,10.00,20261001,0.0102,1,67,Low
1063,KE,referral,Basic,10.00,20261001,0.0039,1,69,Low
1067,GH,organic,Pro,30.00,20261001,0.0028,2,580,Low
1068,NG,referral,Pro,30.00,20261001,0.0068,1,57,Low
1073,GH,partner,Basic,10.00,20261001,0.0264,1,164,Low
1075,ZA,referral,Basic,10.00,20261001,0.0006,1,162,Low
1076,KE,organic,Pro,30.00,20261001,0.0067,1,120,Low
1080,KE,referral,Pro,30.00,20261001,0.0045,0,245,Low
1081,NG,organic,Team,80.00,20261001,0.0006,2,491,Low
1084,KE,organic,Team,80.00,20261001,0.0008,1,107,Low
1085,KE,organic,Basic,10.00,20261001,0.0038,2,274,Low
1088,KE,organic,Pro,30.00,20261001,0.0007,2,526,Low
1089,GH,partner,Pro,30.00,20261001,0.0559,1,103,Low
1092,GB,ads,Basic,10.00,20261001,0.0148,1,57,Low
1093,US,organic,Pro,30.00,20261001,0.1097,2,374,Medium
1094,NG,organic,Pro,30.00,20261001,0.0110,2,383,Low
1097,GB,referral,Team,80.00,20261001,0.0006,2,440,Low
1098,ZA,ads,Pro,30.00,20261001,0.0012,1,147,Low
1100,KE,referral,Basic,10.00,20261001,0.0360,0,603,Low
1101,GH,ads,Basic,10.00,20261001,0.0063,2,457,Low
1102,GH,ads,Pro,30.00,20261001,0.0009,2,195,Low
1105,US,organic,Basic,10.00,20261001,0.0170,0,325,Low
1106,KE,organic,Pro,30.00,20261001,0.0066,1,151,Low
1107,NG,organic,Basic,10.00,20261001,0.0047,2,561,Low
1108,ZA,partner,Pro,30.00,20261001,0.0410,2,683,Low
1110,KE,ads,Pro,30.00,20261001,0.0026,2,424,Low
1111,US,organic,Basic,10.00,20261001,0.0147,1,128,Low
1114,KE,ads,Team,80.00,20261001,0.0044,2,618,Low
1116,ZA,ads,Basic,10.00,20261001,0.0008,1,80,Low
1117,GB,organic,Team,80.00,20261001,0.0033,2,330,Low
1119,ZA,organic,Pro,30.00,20261001,0.0016,2,409,Low
1121,GB,organic,Pro,30.00,20261001,0.0005,2,254,Low
1124,NG,organic,Basic,10.00,20261001,0.0007,1,212,Low
1126,NG,ads,Basic,10.00,20261001,0.0006,2,606,Low
1127,ZA,organic,Pro,30.00,20261001,0.0085,0,492,Low
1128,NG,organic,Team,80.00,20261001,0.0040,1,94,Low
1130,GB,referral,Basic,10.00,20261001,0.0009,2,495,Low
1135,US,organic,Pro,30.00,20261001,0.0033,1,47,Low
1139,GB,partner,Basic,10.00,20261001,0.0309,2,541,Low
1140,GB,partner,Basic,10.00,20261001,0.0007,1,49,Low
1141,GH,ads,Team,80.00,20261001,0.0133,1,118,Low
1143,GB,organic,Pro,30.00,20261001,0.0236,2,505,Low
1147,GB,ads,Team,80.00,20261001,0.0083,2,244,Low
1149,NG,ads,Basic,10.00,20261001,0.0007,1,169,Low
1150,NG,partner,Basic,10.00,20261001,0.0119,1,49,Low
1152,US,referral,Team,80.00,20261001,0.0038,2,687,Low
1155,GH,partner,Team,80.00,20261001,0.0056,2,182,Low
1156,KE,ads,Basic,10.00,20261001,0.0288,1,108,Low
1165,GH,organic,Pro,30.00,20261001,0.0084,2,299,Low
1166,US,referral,Basic,10.00,20261001,0.0133,1,170,Low
1170,GH,ads,Basic,10.00,20261001,0.0397,0,125,Low
1171,ZA,referral,Pro,30.00,20261001,0.0072,0,329,Low
1172,GH,organic,Basic,10.00,20261001,0.0031,2,487,Low
1174,GB,organic,Pro,30.00,20261001,0.0069,0,381,Low
1175,ZA,partner,Pro,30.00,20261001,0.0106,2,560,Low
1176,GH,referral,Pro,30.00,20261001,0.0005,2,318,Low
1178,GH,organic,Basic,10.00,20261001,0.0007,2,688,Low
1179,US,organic,Basic,10.00,20261001,0.0193,2,302,Low
1181,GH,ads,Basic,10.00,20261001,0.0070,1,67,Low
1182,US,ads,Pro,30.00,20261001,0.0046,0,284,Low
1183,KE,organic,Pro,30.00,20261001,0.7678,0,418,High
1186,GB,referral,Basic,10.00,20261001,0.0039,2,339,Low
1188,KE,partner,Team,80.00,20261001,0.0006,2,677,Low
1189,ZA,ads,Basic,10.00,20261001,0.0036,2,624,Low
1192,GB,organic,Team,80.00,20261001,0.0029,2,402,Low
1195,ZA,organic,Basic,10.00,20261001,0.0035,1,136,Low
1197,NG,partner,Pro,30.00,20261001,0.0009,2,214,Low
1198,GH,ads,Basic,10.00,20261001,0.0065,2,559,Low
1204,GB,ads,Team,80.00,20261001,0.0052,2,198,Low
1205,US,partner,Pro,30.00,20261001,0.0061,2,206,Low
1207,US,partner,Pro,30.00,20261001,0.0009,1,126,Low
1209,KE,organic,Basic,10.00,20261001,0.0155,2,465,Low
1210,GH,organic,Team,80.00,20261001,0.0167,2,371,Low
1212,KE,organic,Team,80.00,20261001,0.0005,2,133,Low
1213,US,organic,Basic,10.00,20261001,0.0021,1,79,Low
1214,KE,organic,Pro,30.00,20261001,0.0026,2,704,Low
1215,ZA,partner,Pro,30.00,20261001,0.0046,0,567,Low
1216,GB,organic,Basic,10.00,20261001,0.0019,2,706,Low
1217,ZA,referral,Basic,10.00,20261001,0.0050,1,77,Low
1219,GB,ads,Team,80.00,20261001,0.0022,2,235,Low
1222,GH,ads,Pro,30.00,20261001,0.0168,1,38,Low
1225,ZA,organic,Basic,10.00,20261001,0.0039,2,400,Low
1226,GH,referral,Team,80.00,20261001,0.1164,2,590,Medium
1227,NG,ads,Team,80.00,20261001,0.0203,2,355,Low
1232,NG,partner,Basic,10.00,20261001,0.0067,2,434,Low
1233,KE,ads,Basic,10.00,20261001,0.7413,0,368,High
1234,ZA,organic,Pro,30.00,20261001,0.0052,1,43,Low
1239,KE,ads,Pro,30.00,20261001,0.1352,2,210,Medium
1244,ZA,ads,Basic,10.00,20261001,0.0234,2,499,Low
1245,KE,ads,Basic,10.00,20261001,0.2897,0,150,High
1246,ZA,ads,Pro,30.00,20261001,0.0058,1,79,Low
1247,GB,referral,Basic,10.00,20261001,0.0009,1,51,Low
1249,GH,referral,Basic,10.00,20261001,0.0273,0,600,Low
1250,GH,referral,Pro,30.00,20261001,0.0016,1,100,Low
1255,GB,referral,Pro,30.00,20261001,0.0253,2,660,Low
1256,GB,organic,Team,80.00,20261001,0.0063,2,504,Low
1257,ZA,organic,Basic,10.00,20261001,0.0011,1,42,Low
1260,KE,organic,Basic,10.00,20261001,0.0024,1,63,Low
1261,US,organic,Basic,10.00,20261001,0.0161,2,400,Low
1262,NG,organic,Basic,10.00,20261001,0.0027,1,39,Low
1263,KE,organic,Team,80.00,20261001,0.0362,2,479,Low
1265,NG,partner,Pro,30.00,20261001,0.0006,2,385,Low
1266,ZA,organic,Pro,30.00,20261001,0.0010,1,95,Low
1269,GH,ads,Basic,10.00,20261001,0.0080,1,95,Low
1270,NG,organic,Basic,10.00,20261001,0.0397,1,83,Low
1271,GH,ads,Pro,30.00,20261001,0.0059,2,265,Low
1275,NG,ads,Basic,10.00,20261001,0.0051,0,175,Low
1276,KE,ads,Pro,30.00,20261001,0.0008,2,628,Low
1277,GH,organic,Pro,30.00,20261001,0.0405,2,412,Low
1279,US,ads,Basic,10.00,20261001,0.0010,2,278,Low
1280,US,organic,Basic,10.00,20261001,0.0011,1,192,Low
1282,ZA,ads,Pro,30.00,20261001,0.0251,0,245,Low
1283,ZA,organic,Pro,30.00,20261001,0.0051,1,124,Low
1285,NG,organic,Team,80.00,20261001,0.0043,1,92,Low
1287,US,partner,Basic,10.00,20261001,0.0006,1,238,Low
1289,GB,referral,Pro,30.00,20261001,0.0003,1,79,Low
1291,GB,partner,Basic,10.00,20261001,0.0036,2,476,Low
1293,GH,partner,Team,80.00,20261001,0.0080,2,256,Low
1296,US,referral,Basic,10.00,20261001,0.0137,1,36,Low
1297,KE,partner,Team,80.00,20261001,0.0043,2,351,Low
1298,GB,ads,Basic,10.00,20261001,0.0871,1,40,Medium
1300,US,referral,Basic,10.00,20261001,0.0098,1,58,Low
1301,KE,organic,Pro,30.00,20261001,0.0007,2,340,Low
1302,GB,organic,Pro,30.00,20261001,0.0041,0,445,Low
1303,KE,organic,Pro,30.00,20261001,0.0013,2,421,Low
1306,NG,ads,Team,80.00,20261001,0.0287,2,371,Low
1308,NG,organic,Pro,30.00,20261001,0.0010,2,729,Low
1309,NG,organic,Basic,10.00,20261001,0.0011,1,126,Low
1311,US,ads,Pro,30.00,20261001,0.0355,2,527,Low
1312,KE,organic,Basic,10.00,20261001,0.0079,0,206,Low
1314,KE,ads,Basic,10.00,20261001,0.0010,2,648,Low
1315,NG,organic,Team,80.00,20261001,0.0029,0,528,Low
1319,ZA,organic,Pro,30.00,20261001,0.0078,1,45,Low
1322,ZA,ads,Basic,10.00,20261001,0.0006,1,91,Low
1323,US,organic,Team,80.00,20261001,0.0007,2,514,Low
1329,US,ads,Team,80.00,20261001,0.0029,0,226,Low
1330,KE,organic,Basic,10.00,20261001,0.0059,1,144,Low
1331,US,referral,Basic,10.00,20261001,0.0011,2,663,Low
1332,ZA,ads,Pro,30.00,20261001,0.2302,0,601,Medium
1333,GH,ads,Team,80.00,20261001,0.0135,2,671,Low
1334,GH,ads,Team,80.00,20261001,0.0011,2,328,Low
1337,ZA,organic,Pro,30.00,20261001,0.0032,2,621,Low
1339,NG,referral,Basic,10.00,20261001,0.0033,1,119,Low
1341,NG,organic,Pro,30.00,20261001,0.0031,2,345,Low
1344,NG,referral,Pro,30.00,20261001,0.0007,2,642,Low
1345,GB,organic,Team,80.00,20261001,0.0020,2,162,Low
1346,NG,ads,Basic,10.00,20261001,0.0014,1,159,Low
1347,US,partner,Basic,10.00,20261001,0.0195,1,169,Low
1348,US,referral,Basic,10.00,20261001,0.0020,2,271,Low
1349,KE,organic,Basic,10.00,20261001,0.0014,1,92,Low
1350,GH,referral,Pro,30.00,20261001,0.0244,1,156,Low
1352,US,referral,Pro,30.00,20261001,0.0073,0,632,Low
1354,KE,ads,Team,80.00,20261001,0.0008,2,705,Low
1355,US,organic,Basic,10.00,20261001,0.4068,0,91,High
1356,US,organic,Basic,10.00,20261001,0.1216,2,286,Medium
1357,GH,ads,Team,80.00,20261001,0.0020,2,193,Low
1360,GB,organic,Team,80.00,20261001,0.0019,1,96,Low
1361,KE,organic,Pro,30.00,20261001,0.1133,2,498,Medium
1362,ZA,partner,Basic,10.00,20261001,0.0025,2,496,Low
1363,US,ads,Pro,30.00,20261001,0.1940,1,30,Medium
1365,GH,ads,Basic,10.00,20261001,0.0026,1,71,Low
1366,US,organic,Team,80.00,20261001,0.0005,2,140,Low
1368,US,ads,Basic,10.00,20261001,0.0013,1,57,Low
1369,GH,ads,Basic,10.00,20261001,0.0094,1,202,Low
1370,US,referral,Basic,10.00,20261001,0.0004,1,87,Low
1374,GH,ads,Pro,30.00,20261001,0.0067,2,272,Low
1376,NG,referral,Basic,10.00,20261001,0.0005,2,409,Low
1378,KE,referral,Pro,30.00,20261001,0.0008,2,309,Low
1381,KE,organic,Pro,30.00,20261001,0.0421,1,114,Low
1382,KE,organic,Basic,10.00,20261001,0.0081,2,561,Low
1383,GH,referral,Basic,10.00,20261001,0.0010,2,699,Low
1384,GB,referral,Basic,10.00,20261001,0.0011,2,527,Low
1385,US,organic,Basic,10.00,20261001,0.0208,1,36,Low
1388,ZA,ads,Pro,30.00,20261001,0.1529,2,324,Medium
1389,GB,referral,Team,80.00,20261001,0.0134,1,81,Low
1390,KE,organic,Team,80.00,20261001,0.0009,2,307,Low
1392,NG,partner,Basic,10.00,20261001,0.0008,1,84,Low
1394,KE,referral,Team,80.00,20261001,0.0007,2,324,Low
1395,US,organic,Basic,10.00,20261001,0.0010,1,258,Low
1398,ZA,referral,Basic,10.00,20261001,0.0161,0,135,Low
1403,NG,partner,Pro,30.00,20261001,0.0071,2,193,Low
1404,NG,organic,Pro,30.00,20261001,0.0017,2,321,Low
1405,US,ads,Team,80.00,20261001,0.0011,2,379,Low
1406,KE,organic,Basic,10.00,20261001,0.0059,0,555,Low
1407,US,ads,Pro,30.00,20261001,0.0183,2,577,Low
1408,US,organic,Pro,30.00,20261001,0.0056,0,599,Low
1411,NG,organic,Basic,10.00,20261001,0.0126,0,299,Low
1415,ZA,partner,Team,80.00,20261001,0.0073,2,303,Low
1418,KE,referral,Basic,10.00,20261001,0.0006,2,303,Low
1424,GH,ads,Basic,10.00,20261001,0.0246,1,210,Low
1426,GB,ads,Team,80.00,20261001,0.0012,2,197,Low
1427,GH,partner,Basic,10.00,20261001,0.0454,1,178,Low
1429,GB,organic,Team,80.00,20261001,0.0042,2,720,Low
1431,KE,organic,Team,80.00,20261001,0.0016,1,60,Low
1433,NG,organic,Pro,30.00,20261001,0.0012,2,668,Low
1435,GH,partner,Basic,10.00,20261001,0.0086,2,440,Low
1437,ZA,referral,Pro,30.00,20261001,0.0063,2,220,Low
1439,US,organic,Pro,30.00,20261001,0.0130,2,306,Low
1441,KE,partner,Team,80.00,20261001,0.0127,0,499,Low
1443,ZA,partner,Team,80.00,20261001,0.0068,2,231,Low
1446,KE,referral,Basic,10.00,20261001,0.1356,2,604,Medium
1447,GH,organic,Basic,10.00,20261001,0.0011,1,135,Low
1450,GH,organic,Basic,10.00,20261001,0.0006,1,132,Low
1452,GH,referral,Pro,30.00,20261001,0.0272,1,126,Low
1455,GB,referral,Basic,10.00,20261001,0.0132,1,107,Low
1456,ZA,ads,Basic,10.00,20261001,0.0028,2,585,Low
1457,US,partner,Team,80.00,20261001,0.0014,1,84,Low
1459,ZA,organic,Team,80.00,20261001,0.0337,0,37,Low
1460,NG,ads,Team,80.00,20261001,0.0041,2,692,Low
1466,GH,organic,Team,80.00,20261001,0.0021,1,118,Low
1469,NG,organic,Basic,10.00,20261001,0.0054,1,75,Low
1471,ZA,partner,Team,80.00,20261001,0.0037,0,343,Low
1475,NG,organic,Basic,10.00,20261001,0.0098,0,104,Low
1476,GH,organic,Pro,30.00,20261001,0.0038,1,166,Low
1477,GB,ads,Basic,10.00,20261001,0.0033,1,261,Low
1478,ZA,referral,Pro,30.00,20261001,0.0769,2,188,Low
1482,ZA,organic,Team,80.00,20261001,0.0037,0,719,Low
1483,ZA,organic,Pro,30.00,20261001,0.0032,2,455,Low
1484,US,referral,Basic,10.00,20261001,0.0020,2,666,Low
1485,KE,referral,Pro,30.00,20261001,0.0017,1,42,Low
1488,NG,referral,Basic,10.00,20261001,0.0267,1,106,Low
1491,GB,organic,Basic,10.00,20261001,0.0032,2,525,Low
1492,US,organic,Team,80.00,20261001,0.0077,1,97,Low
1493,KE,organic,Pro,30.00,20261001,0.0374,2,616,Low
1494,GB,ads,Basic,10.00,20261001,0.1349,0,164,Medium
1497,GH,organic,Basic,10.00,20261001,0.0040,1,164,Low
1500,US,referral,Basic,10.00,20261001,0.0010,1,225,Low
1504,GB,partner,Basic,10.00,20261001,0.1668,2,404,Medium
1506,GB,organic,Pro,30.00,20261001,0.0007,1,64,Low
1508,GB,organic,Pro,30.00,20261001,0.0156,1,175,Low
1509,GH,ads,Team,80.00,20261001,0.0019,1,47,Low
1510,GB,referral,Pro,30.00,20261001,0.0008,2,512,Low
1511,NG,ads,Basic,10.00,20261001,0.0066,1,130,Low
1512,US,organic,Pro,30.00,20261001,0.0059,1,170,Low
1515,ZA,referral,Basic,10.00,20261001,0.0011,1,40,Low
1519,NG,organic,Basic,10.00,20261001,0.0028,2,579,Low
1520,ZA,referral,Basic,10.00,20261001,0.0021,1,259,Low
1522,US,ads,Team,80.00,20261001,0.0010,2,431,Low
1526,NG,ads,Basic,10.00,20261001,0.0265,1,83,Low
1527,US,organic,Team,80.00,20261001,0.0079,2,409,Low
1529,GH,organic,Team,80.00,20261001,0.0029,2,264,Low
1530,GH,organic,Basic,10.00,20261001,0.0005,1,223,Low
1540,KE,organic,Basic,10.00,20261001,0.0011,2,328,Low
1541,US,organic,Team,80.00,20261001,0.0443,2,303,Low
1542,US,referral,Team,80.00,20261001,0.0249,2,407,Low
1544,GH,ads,Basic,10.00,20261001,0.0009,1,249,Low
1545,ZA,ads,Pro,30.00,20261001,0.0581,2,181,Low
1546,US,ads,Pro,30.00,20261001,0.0051,2,191,Low
1547,KE,organic,Basic,10.00,20261001,0.0049,2,688,Low
1552,NG,organic,Pro,30.00,20261001,0.0022,2,270,Low
1554,GH,referral,Basic,10.00,20261001,0.0245,1,36,Low
1556,KE,partner,Basic,10.00,20261001,0.0215,1,227,Low
1559,GB,organic,Team,80.00,20261001,0.0097,0,44,Low
1563,KE,organic,Basic,10.00,20261001,0.0009,2,483,Low
1564,US,ads,Pro,30.00,20261001,0.0073,1,100,Low
1566,NG,referral,Basic,10.00,20261001,0.0113,0,249,Low
1568,ZA,ads,Pro,30.00,20261001,0.0006,2,704,Low
1569,GH,ads,Team,80.00,20261001,0.0179,2,297,Low
1570,GH,ads,Basic,10.00,20261001,0.0034,1,41,Low
1571,GH,organic,Team,80.00,20261001,0.0082,1,82,Low
1572,US,referral,Basic,10.00,20261001,0.0038,1,239,Low
1574,NG,ads,Pro,30.00,20261001,0.0021,1,58,Low
1575,NG,ads,Basic,10.00,20261001,0.5762,0,555,High
1576,NG,partner,Pro,30.00,20261001,0.0005,2,343,Low
1580,GB,ads,Team,80.00,20261001,0.0045,0,302,Low
1581,US,organic,Pro,30.00,20261001,0.0084,2,618,Low
1584,NG,organic,Pro,30.00,20261001,0.0079,1,62,Low
1585,GB,partner,Team,80.00,20261001,0.0055,1,89,Low
1586,GH,organic,Pro,30.00,20261001,0.0038,2,504,Low
1587,GH,ads,Pro,30.00,20261001,0.0038,1,101,Low
1588,GB,ads,Basic,10.00,20261001,0.0041,1,136,Low
1589,ZA,organic,Team,80.00,20261001,0.0070,1,40,Low
1590,US,ads,Basic,10.00,20261001,0.0091,0,155,Low
1591,GH,organic,Basic,10.00,20261001,0.0033,1,204,Low
1592,GH,ads,Basic,10.00,20261001,0.0104,1,39,Low
1593,GH,ads,Pro,30.00,20261001,0.0035,1,71,Low
1594,KE,partner,Pro,30.00,20261001,0.0129,1,138,Low
1595,KE,referral,Basic,10.00,20261001,0.0034,1,215,Low
1596,ZA,referral,Pro,30.00,20261001,0.0154,0,306,Low
1597,GH,organic,Basic,10.00,20261001,0.0044,1,242,Low
1600,US,ads,Pro,30.00,20261001,0.0058,0,119,Low
1603,US,referral,Pro,30.00,20261001,0.0006,2,448,Low
1610,GH,partner,Pro,30.00,20261001,0.0037,2,435,Low
1611,ZA,organic,Team,80.00,20261001,0.0492,2,339,Low
1612,GH,organic,Basic,10.00,20261001,0.0087,0,678,Low
1614,US,partner,Pro,30.00,20261001,0.0080,0,463,Low
1615,GB,ads,Pro,30.00,20261001,0.0031,2,334,Low
1617,KE,referral,Pro,30.00,20261001,0.0027,2,305,Low
1620,GB,ads,Team,80.00,20261001,0.0665,2,578,Low
1621,GH,ads,Team,80.00,20261001,0.0052,2,686,Low
1622,GB,ads,Pro,30.00,20261001,0.0068,2,709,Low
1627,NG,partner,Pro,30.00,20261001,0.0268,1,32,Low
1629,GB,referral,Basic,10.00,20261001,0.0113,2,327,Low
1630,KE,ads,Pro,30.00,20261001,0.0012,1,99,Low
1631,ZA,partner,Pro,30.00,20261001,0.0064,2,501,Low
1632,KE,organic,Pro,30.00,20261001,0.0689,2,483,Low
1635,GH,partner,Basic,10.00,20261001,0.0030,1,139,Low
1638,ZA,organic,Basic,10.00,20261001,0.1720,2,366,Medium
1639,US,organic,Pro,30.00,20261001,0.0006,2,400,Low
1642,GH,organic,Pro,30.00,20261001,0.0031,1,121,Low
1643,KE,ads,Pro,30.00,20261001,0.0007,2,462,Low
1646,GB,organic,Basic,10.00,20261001,0.0044,2,466,Low
1650,ZA,ads,Pro,30.00,20261001,0.3724,0,239,High
1651,GB,partner,Pro,30.00,20261001,0.0068,2,212,Low
1653,NG,ads,Basic,10.00,20261001,0.0066,2,498,Low
1655,ZA,organic,Pro,30.00,20261001,0.0008,1,106,Low
1658,US,organic,Basic,10.00,20261001,0.0136,2,369,Low
1661,GH,partner,Basic,10.00,20261001,0.0208,1,128,Low
1663,GH,ads,Pro,30.00,20261001,0.0014,1,172,Low
1665,US,referral,Pro,30.00,20261001,0.0090,1,38,Low
1667,ZA,organic,Team,80.00,20261001,0.0024,0,75,Low
1671,GB,organic,Basic,10.00,20261001,0.0018,1,260,Low
1672,NG,referral,Basic,10.00,20261001,0.0006,2,370,Low
1673,GH,organic,Pro,30.00,20261001,0.0108,0,405,Low
1674,NG,partner,Team,80.00,20261001,0.0075,2,709,Low
1675,ZA,organic,Team,80.00,20261001,0.0107,2,291,Low
1676,KE,referral,Basic,10.00,20261001,0.0005,1,125,Low
1677,ZA,organic,Pro,30.00,20261001,0.0010,2,253,Low
1678,GH,partner,Basic,10.00,20261001,0.1896,2,632,Medium
1679,NG,organic,Basic,10.00,20261001,0.0082,0,232,Low
1682,NG,organic,Basic,10.00,20261001,0.0005,1,176,Low
1683,GB,ads,Pro,30.00,20261001,0.1233,2,267,Medium
1686,US,organic,Pro,30.00,20261001,0.0048,2,675,Low
1687,GH,ads,Pro,30.00,20261001,0.0074,2,676,Low
1689,US,referral,Pro,30.00,20261001,0.0007,2,189,Low
1690,US,partner,Pro,30.00,20261001,0.0198,2,678,Low
1692,NG,ads,Pro,30.00,20261001,0.1736,0,166,Medium
1693,GH,partner,Team,80.00,20261001,0.0051,1,74,Low
1694,US,organic,Pro,30.00,20261001,0.0016,2,439,Low
1696,US,ads,Pro,30.00,20261001,0.0069,1,111,Low
1697,ZA,organic,Pro,30.00,20261001,0.0041,2,388,Low
1698,NG,organic,Pro,30.00,20261001,0.0010,2,199,Low
1702,GH,organic,Pro,30.00,20261001,0.0035,2,495,Low
1705,GH,ads,Basic,10.00,20261001,0.0119,2,384,Low
1708,ZA,referral,Team,80.00,20261001,0.0036,2,606,Low
1710,KE,partner,Basic,10.00,20261001,0.0145,2,401,Low
1711,GB,ads,Pro,30.00,20261001,0.0008,2,422,Low
1712,ZA,referral,Pro,30.00,20261001,0.0015,2,271,Low
1713,ZA,partner,Pro,30.00,20261001,0.0058,1,131,Low
1714,KE,organic,Basic,10.00,20261001,0.0021,1,31,Low
1715,ZA,organic,Basic,10.00,20261001,0.0024,1,257,Low
1716,GB,ads,Basic,10.00,20261001,0.0071,0,117,Low
1718,GB,ads,Basic,10.00,20261001,0.7595,0,561,High
1719,GB,organic,Pro,30.00,20261001,0.0044,2,201,Low
1720,GB,organic,Basic,10.00,20261001,0.0055,2,335,Low
1721,KE,ads,Pro,30.00,20261001,0.0011,1,149,Low
1723,GB,organic,Team,80.00,20261001,0.0036,1,51,Low
1724,KE,organic,Pro,30.00,20261001,0.0020,2,665,Low
1725,GB,partner,Pro,30.00,20261001,0.0903,1,61,Medium
1726,GH,organic,Basic,10.00,20261001,0.0244,2,651,Low
1727,GH,organic,Basic,10.00,20261001,0.0010,2,278,Low
1728,GH,organic,Pro,30.00,20261001,0.0021,2,578,Low
1731,ZA,organic,Pro,30.00,20261001,0.0072,2,572,Low
1732,KE,ads,Basic,10.00,20261001,0.0084,2,506,Low
1734,US,partner,Basic,10.00,20261001,0.0050,2,308,Low
1735,KE,organic,Team,80.00,20261001,0.0020,1,57,Low
1737,NG,organic,Pro,30.00,20261001,0.0130,2,650,Low
1739,NG,ads,Team,80.00,20261001,0.0804,2,447,Medium
1740,US,referral,Basic,10.00,20261001,0.0006,2,406,Low
1741,US,organic,Basic,10.00,20261001,0.0028,2,509,Low
1742,NG,organic,Pro,30.00,20261001,0.0084,2,386,Low
1745,GH,referral,Basic,10.00,20261001,0.0341,0,608,Low
1749,KE,organic,Basic,10.00,20261001,0.0006,2,445,Low
1752,GH,organic,Basic,10.00,20261001,0.0037,1,33,Low
1753,ZA,ads,Team,80.00,20261001,0.0058,1,62,Low
1754,ZA,referral,Team,80.00,20261001,0.0027,1,120,Low
1755,ZA,ads,Basic,10.00,20261001,0.2874,2,533,High
1760,US,organic,Pro,30.00,20261001,0.0196,0,520,Low
1761,KE,ads,Team,80.00,20261001,0.0170,2,257,Low
1762,GB,ads,Team,80.00,20261001,0.0839,0,349,Medium
1763,NG,organic,Pro,30.00,20261001,0.0088,0,68,Low
1764,US,organic,Basic,10.00,20261001,0.0007,2,344,Low
1766,KE,referral,Basic,10.00,20261001,0.0076,2,603,Low
1768,KE,referral,Pro,30.00,20261001,0.0058,1,86,Low
1770,ZA,ads,Basic,10.00,20261001,0.0064,2,353,Low
1772,NG,organic,Basic,10.00,20261001,0.0091,1,30,Low
1773,GH,referral,Basic,10.00,20261001,0.0713,0,87,Low
1774,ZA,partner,Pro,30.00,20261001,0.1054,2,290,Medium
1775,US,referral,Pro,30.00,20261001,0.0037,2,441,Low
1778,KE,referral,Team,80.00,20261001,0.0075,2,603,Low
1783,US,ads,Basic,10.00,20261001,0.1241,1,96,Medium
1785,NG,ads,Pro,30.00,20261001,0.0011,1,165,Low
1786,NG,referral,Basic,10.00,20261001,0.0072,0,301,Low
1787,GB,organic,Basic,10.00,20261001,0.0034,2,513,Low
1792,NG,organic,Basic,10.00,20261001,0.0028,2,365,Low
1793,GB,ads,Pro,30.00,20261001,0.0012,2,230,Low
1794,KE,partner,Pro,30.00,20261001,0.0036,1,63,Low
1797,GH,ads,Pro,30.00,20261001,0.0097,1,51,Low
1800,NG,referral,Pro,30.00,20261001,0.0023,2,441,Low
1802,GH,referral,Team,80.00,20261001,0.0033,2,640,Low
1803,KE,organic,Pro,30.00,20261001,0.0035,2,396,Low
1806,NG,organic,Pro,30.00,20261001,0.0036,2,624,Low
1814,ZA,organic,Pro,30.00,20261001,0.0188,0,622,Low
1815,ZA,organic,Team,80.00,20261001,0.0080,2,714,Low
1820,ZA,organic,Pro,30.00,20261001,0.0030,2,195,Low
1822,KE,referral,Basic,10.00,20261001,0.0036,2,376,Low
1823,NG,organic,Team,80.00,20261001,0.0052,2,189,Low
1825,KE,referral,Team,80.00,20261001,0.0004,2,352,Low
1826,US,referral,Basic,10.00,20261001,0.0007,2,519,Low
1827,NG,organic,Pro,30.00,20261001,0.0257,1,142,Low
1829,ZA,organic,Team,80.00,20261001,0.0914,2,546,Medium
1830,GB,organic,Pro,30.00,20261001,0.0053,2,532,Low
1831,KE,organic,Basic,10.00,20261001,0.0034,2,435,Low
1832,GH,referral,Basic,10.00,20261001,0.0075,0,617,Low
1833,GB,organic,Basic,10.00,20261001,0.0004,2,272,Low
1834,US,ads,Basic,10.00,20261001,0.0008,1,239,Low
1835,GH,partner,Pro,30.00,20261001,0.0034,2,537,Low
1836,US,referral,Basic,10.00,20261001,0.0445,1,143,Low
1837,US,ads,Team,80.00,20261001,0.0025,2,159,Low
1838,NG,organic,Basic,10.00,20261001,0.0218,1,203,Low
1841,GB,ads,Pro,30.00,20261001,0.0156,1,82,Low
1842,GB,organic,Pro,30.00,20261001,0.0013,2,349,Low
1844,GH,ads,Pro,30.00,20261001,0.0102,0,84,Low
1849,NG,ads,Pro,30.00,20261001,0.0075,1,37,Low
1851,GB,organic,Pro,30.00,20261001,0.0026,1,90,Low
1853,US,referral,Basic,10.00,20261001,0.0016,1,155,Low
1854,GH,organic,Pro,30.00,20261001,0.0028,2,405,Low
1855,US,referral,Basic,10.00,20261001,0.0041,1,233,Low
1856,ZA,organic,Basic,10.00,20261001,0.0015,1,180,Low
1857,GH,organic,Pro,30.00,20261001,0.0064,2,369,Low
1859,KE,organic,Basic,10.00,20261001,0.1338,1,106,Medium
1860,ZA,organic,Basic,10.00,20261001,0.0034,2,477,Low
1862,GB,organic,Basic,10.00,20261001,0.0085,1,228,Low
1863,ZA,ads,Basic,10.00,20261001,0.0105,1,240,Low
1866,GH,organic,Basic,10.00,20261001,0.0119,0,524,Low
1869,ZA,organic,Team,80.00,20261001,0.0805,0,152,Medium
1870,KE,organic,Basic,10.00,20261001,0.0056,1,57,Low
1872,US,organic,Team,80.00,20261001,0.0356,2,142,Low
1876,US,organic,Team,80.00,20261001,0.0344,2,141,Low
1879,NG,ads,Team,80.00,20261001,0.0010,1,81,Low
1882,GB,organic,Basic,10.00,20261001,0.0068,1,78,Low
1884,US,ads,Team,80.00,20261001,0.0010,2,150,Low
1885,NG,organic,Pro,30.00,20261001,0.0061,2,195,Low
1886,GH,referral,Basic,10.00,20261001,0.0194,2,593,Low
1888,ZA,organic,Basic,10.00,20261001,0.0008,1,50,Low
1890,GB,ads,Basic,10.00,20261001,0.7398,2,460,High
1891,GH,referral,Basic,10.00,20261001,0.0014,2,293,Low
1892,GH,ads,Basic,10.00,20261001,0.0080,2,538,Low
1893,GH,referral,Team,80.00,20261001,0.0115,2,358,Low
1894,GH,partner,Pro,30.00,20261001,0.0028,2,359,Low
1895,GB,organic,Team,80.00,20261001,0.0053,0,643,Low
1896,ZA,organic,Pro,30.00,20261001,0.0107,2,482,Low
1897,ZA,ads,Basic,10.00,20261001,0.0066,2,304,Low
1903,KE,organic,Basic,10.00,20261001,0.0006,1,234,Low
1905,US,ads,Basic,10.00,20261001,0.0051,1,40,Low
1907,US,referral,Basic,10.00,20261001,0.0067,0,211,Low
1908,GB,referral,Team,80.00,20261001,0.0006,2,507,Low
1909,GH,ads,Pro,30.00,20261001,0.0041,2,661,Low
1911,NG,organic,Basic,10.00,20261001,0.0685,1,215,Low
1912,KE,referral,Basic,10.00,20261001,0.2038,1,37,Medium
1917,NG,organic,Pro,30.00,20261001,0.0076,0,110,Low
1918,US,organic,Pro,30.00,20261001,0.0043,1,77,Low
1922,KE,referral,Pro,30.00,20261001,0.0007,2,582,Low
1925,GH,partner,Team,80.00,20261001,0.0011,2,178,Low
1926,GB,referral,Pro,30.00,20261001,0.0011,1,71,Low
1929,US,organic,Basic,10.00,20261001,0.0042,2,328,Low
1930,US,referral,Pro,30.00,20261001,0.0012,1,49,Low
1931,NG,partner,Team,80.00,20261001,0.0143,1,110,Low
1933,ZA,referral,Basic,10.00,20261001,0.1852,1,114,Medium
1935,KE,ads,Basic,10.00,20261001,0.0090,2,300,Low
1943,ZA,organic,Pro,30.00,20261001,0.1020,2,350,Medium
1945,NG,ads,Basic,10.00,20261001,0.0268,1,113,Low
1946,ZA,referral,Basic,10.00,20261001,0.0067,1,135,Low
1948,GH,organic,Pro,30.00,20261001,0.0066,2,213,Low
1949,US,organic,Basic,10.00,20261001,0.0011,1,214,Low
1950,KE,organic,Basic,10.00,20261001,0.0436,2,474,Low
1951,US,ads,Basic,10.00,20261001,0.0044,1,90,Low
1953,ZA,ads,Basic,10.00,20261001,0.0141,1,92,Low
1954,GB,ads,Team,80.00,20261001,0.0770,2,183,Low
1957,KE,organic,Basic,10.00,20261001,0.0298,2,378,Low
1960,GB,ads,Team,80.00,20261001,0.0045,0,254,Low
1961,US,organic,Pro,30.00,20261001,0.0052,0,196,Low
1962,KE,organic,Team,80.00,20261001,0.0045,2,678,Low
1963,GH,partner,Basic,10.00,20261001,0.0009,1,141,Low
1964,US,organic,Pro,30.00,20261001,0.0007,1,72,Low
1967,KE,ads,Pro,30.00,20261001,0.0290,1,164,Low
1969,US,referral,Basic,10.00,20261001,0.0012,1,186,Low
1970,ZA,partner,Pro,30.00,20261001,0.0023,2,492,Low
1973,NG,referral,Basic,10.00,20261001,0.0005,1,111,Low
1974,US,referral,Pro,30.00,20261001,0.0430,0,362,Low
1975,ZA,referral,Team,80.00,20261001,0.0796,2,364,Low
1977,GB,organic,Basic,10.00,20261001,0.0011,1,147,Low
1978,GH,ads,Team,80.00,20261001,0.0039,1,81,Low
1979,GH,ads,Team,80.00,20261001,0.0756,2,400,Low
1981,GH,referral,Pro,30.00,20261001,0.0108,0,195,Low
1984,GH,organic,Team,80.00,20261001,0.0013,2,415,Low
1985,GH,organic,Basic,10.00,20261001,0.0940,1,137,Medium
1988,KE,referral,Basic,10.00,20261001,0.0514,0,222,Low
1992,NG,organic,Pro,30.00,20261001,0.0007,2,258,Low
1994,GB,partner,Pro,30.00,20261001,0.0065,0,466,Low
1995,US,organic,Basic,10.00,20261001,0.0503,0,460,Low
1997,US,ads,Pro,30.00,20261001,0.0007,2,338,Low
1998,GB,referral,Pro,30.00,20261001,0.0496,1,59,Low
2000,NG,organic,Basic,10.00,20261001,0.0019,1,198,Low
2001,KE,referral,Basic,10.00,20261001,0.0036,2,403,Low
2003,ZA,organic,Basic,10.00,20261001,0.0005,2,628,Low
2004,US,referral,Basic,10.00,20261001,0.0059,2,726,Low
2005,ZA,organic,Pro,30.00,20261001,0.0279,0,235,Low
2006,NG,referral,Basic,10.00,20261001,0.0151,1,224,Low
2008,GB,organic,Team,80.00,20261001,0.0029,0,231,Low
2009,KE,ads,Basic,10.00,20261001,0.0164,1,189,Low
2010,ZA,organic,Pro,30.00,20261001,0.0165,1,71,Low
2013,KE,referral,Team,80.00,20261001,0.0014,1,78,Low
2014,NG,referral,Pro,30.00,20261001,0.0962,2,460,Medium
2016,GH,referral,Pro,30.00,20261001,0.0097,2,329,Low
2019,NG,organic,Basic,10.00,20261001,0.0010,2,579,Low
2020,ZA,organic,Basic,10.00,20261001,0.0036,1,93,Low
2022,ZA,referral,Team,80.00,20261001,0.0007,2,299,Low
2024,GB,ads,Team,80.00,20261001,0.0021,2,374,Low
2025,US,organic,Basic,10.00,20261001,0.0059,1,221,Low
2026,US,organic,Pro,30.00,20261001,0.0371,2,304,Low
2027,US,referral,Pro,30.00,20261001,0.0057,2,191,Low
2030,NG,organic,Pro,30.00,20261001,0.0165,2,578,Low
2031,NG,organic,Pro,30.00,20261001,0.0067,0,437,Low
2032,US,organic,Basic,10.00,20261001,0.0157,2,390,Low
2033,GH,organic,Basic,10.00,20261001,0.0212,1,174,Low
2034,GB,referral,Pro,30.00,20261001,0.0039,1,156,Low
2035,NG,partner,Pro,30.00,20261001,0.0067,0,194,Low
2037,KE,referral,Team,80.00,20261001,0.0005,2,512,Low
2039,NG,organic,Team,80.00,20261001,0.0058,0,571,Low
2042,GH,referral,Basic,10.00,20261001,0.0034,2,299,Low
2045,KE,partner,Pro,30.00,20261001,0.0138,1,69,Low
2046,GB,ads,Team,80.00,20261001,0.0047,1,57,Low
2048,GH,ads,Basic,10.00,20261001,0.0114,1,63,Low
2049,GB,organic,Pro,30.00,20261001,0.0042,2,373,Low
2050,KE,organic,Basic,10.00,20261001,0.0017,1,117,Low
2051,GB,organic,Basic,10.00,20261001,0.0094,1,58,Low
2052,NG,ads,Pro,30.00,20261001,0.0039,2,603,Low
2053,GB,referral,Pro,30.00,20261001,0.0033,2,261,Low
2056,NG,referral,Pro,30.00,20261001,0.0055,0,599,Low
2057,KE,organic,Basic,10.00,20261001,0.0027,2,317,Low
2058,GH,ads,Team,80.00,20261001,0.0021,2,162,Low
2061,NG,partner,Pro,30.00,20261001,0.0004,2,626,Low
2062,GB,organic,Basic,10.00,20261001,0.0047,1,132,Low
2063,US,organic,Basic,10.00,20261001,0.0095,2,579,Low
2064,ZA,referral,Pro,30.00,20261001,0.0029,1,71,Low
2067,NG,organic,Team,80.00,20261001,0.0072,0,453,Low
2071,NG,ads,Basic,10.00,20261001,0.0014,2,464,Low
2072,NG,organic,Pro,30.00,20261001,0.0233,0,160,Low
2073,ZA,referral,Basic,10.00,20261001,0.0013,1,61,Low
2074,GH,referral,Pro,30.00,20261001,0.0463,0,47,Low
2075,GH,ads,Pro,30.00,20261001,0.0083,2,305,Low
2076,NG,referral,Pro,30.00,20261001,0.0188,2,261,Low
2077,GB,ads,Team,80.00,20261001,0.0185,2,517,Low
2079,KE,referral,Basic,10.00,20261001,0.0044,1,83,Low
2080,GB,partner,Basic,10.00,20261001,0.0016,1,62,Low
2083,ZA,organic,Basic,10.00,20261001,0.0079,1,254,Low
2084,GB,ads,Team,80.00,20261001,0.0014,2,589,Low
2085,NG,ads,Basic,10.00,20261001,0.0032,2,277,Low
2086,NG,ads,Basic,10.00,20261001,0.1861,1,73,Medium
2087,ZA,organic,Pro,30.00,20261001,0.0028,2,290,Low
2090,GB,partner,Basic,10.00,20261001,0.0859,2,293,Medium
2091,GH,referral,Pro,30.00,20261001,0.0044,1,96,Low
2093,NG,ads,Pro,30.00,20261001,0.0010,2,462,Low
2094,KE,partner,Pro,30.00,20261001,0.0043,0,138,Low
2095,KE,organic,Pro,30.00,20261001,0.0007,1,99,Low
2098,US,referral,Basic,10.00,20261001,0.0020,1,72,Low
2103,ZA,ads,Pro,30.00,20261001,0.1888,2,352,Medium
2104,US,organic,Basic,10.00,20261001,0.0024,2,503,Low
2106,ZA,ads,Basic,10.00,20261001,0.0082,1,207,Low
2107,ZA,organic,Pro,30.00,20261001,0.0093,0,703,Low
2108,GB,organic,Pro,30.00,20261001,0.0020,1,150,Low
2109,ZA,referral,Pro,30.00,20261001,0.0067,1,73,Low
2111,ZA,referral,Basic,10.00,20261001,0.0096,1,103,Low
2114,US,organic,Pro,30.00,20261001,0.0137,1,34,Low
2116,US,referral,Pro,30.00,20261001,0.0138,2,289,Low
2120,NG,referral,Team,80.00,20261001,0.0083,2,683,Low
2123,US,organic,Basic,10.00,20261001,0.0039,2,509,Low
2126,GB,referral,Basic,10.00,20261001,0.0269,1,96,Low
2130,NG,organic,Team,80.00,20261001,0.0086,2,298,Low
2131,GB,organic,Basic,10.00,20261001,0.0275,2,650,Low
2133,GB,ads,Pro,30.00,20261001,0.0241,1,34,Low
2134,US,organic,Pro,30.00,20261001,0.0035,2,301,Low
2137,NG,referral,Pro,30.00,20261001,0.0031,2,581,Low
2138,ZA,ads,Basic,10.00,20261001,0.0229,2,432,Low
2139,ZA,partner,Basic,10.00,20261001,0.0013,2,668,Low
2142,GB,organic,Basic,10.00,20261001,0.0119,1,44,Low
2143,KE,referral,Pro,30.00,20261001,0.0373,0,182,Low
2144,US,organic,Basic,10.00,20261001,0.0900,0,486,Medium
2145,US,ads,Pro,30.00,20261001,0.1584,2,498,Medium
2148,KE,referral,Basic,10.00,20261001,0.0196,1,184,Low
2149,KE,organic,Basic,10.00,20261001,0.0010,1,128,Low
2151,US,organic,Pro,30.00,20261001,0.0078,1,51,Low
2152,NG,referral,Pro,30.00,20261001,0.0006,1,90,Low
2153,NG,referral,Pro,30.00,20261001,0.0015,2,460,Low
2154,ZA,ads,Pro,30.00,20261001,0.0059,2,526,Low
2157,NG,referral,Pro,30.00,20261001,0.0008,2,481,Low
2159,KE,ads,Basic,10.00,20261001,0.0011,1,142,Low
2160,US,partner,Team,80.00,20261001,0.0122,2,676,Low
2162,GH,organic,Pro,30.00,20261001,0.0047,1,55,Low
2163,KE,organic,Basic,10.00,20261001,0.0082,2,420,Low
2164,KE,organic,Pro,30.00,20261001,0.0063,1,47,Low
2166,KE,partner,Pro,30.00,20261001,0.0091,1,153,Low
2167,US,partner,Basic,10.00,20261001,0.0005,1,183,Low
2168,KE,ads,Pro,30.00,20261001,0.0161,2,291,Low
2170,ZA,partner,Pro,30.00,20261001,0.0037,2,549,Low
2171,GB,referral,Pro,30.00,20261001,0.0008,2,537,Low
2173,ZA,referral,Basic,10.00,20261001,0.0008,1,126,Low
2175,NG,ads,Pro,30.00,20261001,0.0068,0,128,Low
2176,GB,referral,Pro,30.00,20261001,0.0030,2,397,Low
2177,ZA,referral,Pro,30.00,20261001,0.1416,1,102,Medium
2178,GH,organic,Pro,30.00,20261001,0.0107,2,411,Low
2180,US,organic,Pro,30.00,20261001,0.0134,1,34,Low
2181,NG,ads,Team,80.00,20261001,0.0043,2,234,Low
2183,ZA,ads,Pro,30.00,20261001,0.5824,0,156,High
2187,US,organic,Basic,10.00,20261001,0.0016,1,257,Low
2192,KE,organic,Pro,30.00,20261001,0.0040,2,585,Low
2193,ZA,organic,Pro,30.00,20261001,0.2427,0,653,Medium
2195,US,ads,Basic,10.00,20261001,0.0075,0,70,Low
2197,KE,organic,Basic,10.00,20261001,0.0127,2,371,Low
2199,ZA,organic,Basic,10.00,20261001,0.0038,2,324,Low
2200,KE,ads,Basic,10.00,20261001,0.0747,2,319,Low
2203,NG,partner,Pro,30.00,20261001,0.0399,2,321,Low
2204,ZA,referral,Team,80.00,20261001,0.0007,2,344,Low
2205,NG,organic,Team,80.00,20261001,0.0096,2,639,Low
2208,GB,organic,Basic,10.00,20261001,0.0376,2,655,Low
2211,ZA,organic,Basic,10.00,20261001,0.0039,2,404,Low
2213,GB,ads,Basic,10.00,20261001,0.0197,2,370,Low
2214,NG,referral,Basic,10.00,20261001,0.0006,1,246,Low
2215,ZA,partner,Pro,30.00,20261001,0.0034,2,442,Low
2216,GH,organic,Team,80.00,20261001,0.0023,2,423,Low
2217,GB,referral,Team,80.00,20261001,0.0099,1,110,Low
2218,NG,organic,Team,80.00,20261001,0.0036,2,612,Low
2220,US,referral,Basic,10.00,20261001,0.0059,1,237,Low
2221,GB,organic,Pro,30.00,20261001,0.0035,1,57,Low
2223,KE,partner,Pro,30.00,20261001,0.0080,2,570,Low
2224,US,referral,Pro,30.00,20261001,0.0012,2,375,Low
2227,KE,organic,Basic,10.00,20261001,0.0147,1,188,Low
2228,NG,organic,Pro,30.00,20261001,0.0431,0,535,Low
2230,GH,ads,Basic,10.00,20261001,0.0270,1,89,Low
2231,GB,ads,Basic,10.00,20261001,0.0212,1,43,Low
2232,US,partner,Team,80.00,20261001,0.0097,2,630,Low
2233,GH,referral,Pro,30.00,20261001,0.0058,0,526,Low
2236,GB,organic,Pro,30.00,20261001,0.1037,1,122,Medium
2237,KE,organic,Basic,10.00,20261001,0.0034,2,473,Low
2239,ZA,organic,Pro,30.00,20261001,0.0066,2,271,Low
2241,KE,referral,Basic,10.00,20261001,0.1402,0,129,Medium
2244,ZA,ads,Basic,10.00,20261001,0.0890,1,37,Medium
2246,NG,ads,Team,80.00,20261001,0.0061,2,338,Low
2247,KE,partner,Team,80.00,20261001,0.0019,2,641,Low
2248,GH,partner,Pro,30.00,20261001,0.0035,2,592,Low
2249,ZA,ads,Team,80.00,20261001,0.0037,2,172,Low
2250,NG,partner,Team,80.00,20261001,0.0051,1,78,Low
2252,US,organic,Pro,30.00,20261001,0.0019,1,173,Low
2254,GH,organic,Basic,10.00,20261001,0.0092,2,470,Low
2256,NG,ads,Basic,10.00,20261001,0.2141,1,242,Medium
2257,US,organic,Team,80.00,20261001,0.0694,2,684,Low
2260,GH,organic,Pro,30.00,20261001,0.0012,0,171,Low
2263,ZA,ads,Basic,10.00,20261001,0.0088,1,108,Low
2265,NG,ads,Basic,10.00,20261001,0.0018,2,365,Low
2267,NG,referral,Team,80.00,20261001,0.0870,2,231,Medium
2269,GH,ads,Basic,10.00,20261001,0.0076,2,530,Low
2273,NG,organic,Pro,30.00,20261001,0.0037,2,398,Low
2274,US,organic,Pro,30.00,20261001,0.1034,0,165,Medium
2277,KE,organic,Pro,30.00,20261001,0.0226,1,34,Low
2279,GB,ads,Pro,30.00,20261001,0.0053,2,270,Low
2280,US,organic,Pro,30.00,20261001,0.0054,0,286,Low
2282,US,organic,Pro,30.00,20261001,0.0041,1,169,Low
2284,US,referral,Basic,10.00,20261001,0.0040,2,496,Low
2285,NG,ads,Pro,30.00,20261001,0.0307,0,290,Low
2288,KE,organic,Pro,30.00,20261001,0.0030,2,190,Low
2289,US,organic,Pro,30.00,20261001,0.0029,1,156,Low
2292,KE,ads,Basic,10.00,20261001,0.0012,1,49,Low
2294,KE,organic,Team,80.00,20261001,0.0078,2,571,Low
2295,NG,organic,Basic,10.00,20261001,0.0379,1,34,Low
2296,GB,ads,Basic,10.00,20261001,0.3437,1,86,High
2298,KE,organic,Basic,10.00,20261001,0.0007,2,723,Low
2299,KE,organic,Team,80.00,20261001,0.0024,2,605,Low
2300,GH,organic,Pro,30.00,20261001,0.0004,2,678,Low
2301,US,organic,Pro,30.00,20261001,0.0132,2,208,Low
2302,ZA,ads,Pro,30.00,20261001,0.1219,1,165,Medium
2303,ZA,partner,Team,80.00,20261001,0.0035,2,507,Low
2304,US,partner,Pro,30.00,20261001,0.0008,1,174,Low
2306,NG,referral,Basic,10.00,20261001,0.2521,2,692,High
2308,US,ads,Basic,10.00,20261001,0.0075,0,193,Low
2309,ZA,referral,Pro,30.00,20261001,0.0042,2,560,Low
2310,GB,organic,Basic,10.00,20261001,0.0076,1,45,Low
2311,US,referral,Basic,10.00,20261001,0.0009,1,92,Low
2313,NG,ads,Pro,30.00,20261001,0.1271,2,190,Medium
2316,KE,referral,Pro,30.00,20261001,0.0032,2,703,Low
2319,GH,ads,Pro,30.00,20261001,0.0380,1,36,Low
2325,NG,organic,Team,80.00,20261001,0.0036,0,479,Low
2327,US,ads,Pro,30.00,20261001,0.0027,0,311,Low
2330,ZA,ads,Pro,30.00,20261001,0.0022,2,609,Low
2331,US,partner,Pro,30.00,20261001,0.0025,1,46,Low
2332,GH,referral,Team,80.00,20261001,0.0023,2,650,Low
2333,GH,partner,Pro,30.00,20261001,0.0090,2,221,Low
2334,NG,organic,Pro,30.00,20261001,0.0006,2,321,Low
2340,KE,organic,Pro,30.00,20261001,0.0012,2,411,Low
2342,NG,organic,Basic,10.00,20261001,0.0086,2,465,Low
2346,KE,organic,Basic,10.00,20261001,0.1321,1,300,Medium
2347,ZA,organic,Basic,10.00,20261001,0.0649,1,35,Low
2349,NG,organic,Team,80.00,20261001,0.0016,2,308,Low
2350,US,organic,Pro,30.00,20261001,0.0034,2,444,Low
2351,ZA,ads,Pro,30.00,20261001,0.0053,2,194,Low
2352,ZA,referral,Pro,30.00,20261001,0.0006,2,554,Low
2353,US,ads,Basic,10.00,20261001,0.0094,1,98,Low
2356,KE,ads,Basic,10.00,20261001,0.0115,1,167,Low
2357,GB,ads,Team,80.00,20261001,0.0170,2,413,Low
2361,GB,organic,Basic,10.00,20261001,0.0063,1,52,Low
2362,GH,partner,Basic,10.00,20261001,0.0112,2,348,Low
2363,ZA,ads,Pro,30.00,20261001,0.0092,2,497,Low
2365,GB,referral,Basic,10.00,20261001,0.0039,2,290,Low
2367,ZA,organic,Team,80.00,20261001,0.0252,2,222,Low
2370,GB,organic,Basic,10.00,20261001,0.0044,1,57,Low
2372,GH,organic,Pro,30.00,20261001,0.0032,1,71,Low
2374,ZA,organic,Team,80.00,20261001,0.0344,2,227,Low
2376,GH,referral,Team,80.00,20261001,0.0009,2,182,Low
2377,GB,organic,Pro,30.00,20261001,0.0005,2,510,Low
2380,NG,ads,Pro,30.00,20261001,0.0097,2,430,Low
2381,GH,organic,Pro,30.00,20261001,0.0010,2,284,Low
2382,ZA,ads,Basic,10.00,20261001,0.0287,0,271,Low
2383,ZA,partner,Basic,10.00,20261001,0.0020,2,555,Low
2384,KE,organic,Pro,30.00,20261001,0.0037,1,148,Low
2385,GH,referral,Pro,30.00,20261001,0.0085,2,315,Low
2386,US,referral,Basic,10.00,20261001,0.0246,2,324,Low
2388,ZA,partner,Basic,10.00,20261001,0.0032,2,507,Low
2390,NG,ads,Pro,30.00,20261001,0.1101,0,80,Medium
2391,ZA,ads,Team,80.00,20261001,0.0013,2,286,Low
2395,GB,organic,Basic,10.00,20261001,0.0005,2,337,Low
2396,KE,organic,Basic,10.00,20261001,0.0060,1,234,Low
2397,KE,organic,Pro,30.00,20261001,0.0029,1,169,Low
2401,US,ads,Basic,10.00,20261001,0.0292,1,144,Low
2402,US,partner,Basic,10.00,20261001,0.0010,1,237,Low
2403,US,referral,Basic,10.00,20261001,0.0008,1,104,Low
2406,ZA,organic,Pro,30.00,20261001,0.0012,2,599,Low
2407,KE,organic,Pro,30.00,20261001,0.0160,0,196,Low
2408,US,ads,Basic,10.00,20261001,0.0010,2,559,Low
2411,NG,referral,Basic,10.00,20261001,0.2395,2,712,Medium
2412,US,organic,Pro,30.00,20261001,0.0116,1,144,Low
2414,ZA,organic,Basic,10.00,20261001,0.0096,1,135,Low
2415,GB,referral,Basic,10.00,20261001,0.0053,1,140,Low
2418,GB,referral,Pro,30.00,20261001,0.0023,1,37,Low
2419,US,organic,Pro,30.00,20261001,0.0030,2,253,Low
2420,NG,referral,Basic,10.00,20261001,0.0008,1,50,Low
2421,GH,organic,Team,80.00,20261001,0.0007,2,653,Low
2422,KE,ads,Basic,10.00,20261001,0.0070,1,216,Low
2424,ZA,partner,Basic,10.00,20261001,0.0018,1,131,Low
2425,US,referral,Basic,10.00,20261001,0.0039,2,347,Low
2426,NG,ads,Basic,10.00,20261001,0.0011,1,50,Low
2427,GH,organic,Basic,10.00,20261001,0.0162,0,322,Low
2429,ZA,organic,Basic,10.00,20261001,0.0016,2,319,Low
2430,NG,organic,Basic,10.00,20261001,0.0107,2,684,Low
2431,GB,partner,Pro,30.00,20261001,0.0009,2,310,Low
2432,GH,organic,Pro,30.00,20261001,0.0363,0,555,Low
2433,GH,referral,Pro,30.00,20261001,0.0011,1,163,Low
2434,KE,partner,Pro,30.00,20261001,0.0088,0,683,Low
2437,ZA,ads,Team,80.00,20261001,0.2518,2,513,High
2440,US,referral,Pro,30.00,20261001,0.0005,2,369,Low
2441,NG,ads,Basic,10.00,20261001,0.0010,2,598,Low
2442,GH,partner,Basic,10.00,20261001,0.0595,0,99,Low
2445,US,organic,Team,80.00,20261001,0.0010,2,361,Low
2447,NG,organic,Pro,30.00,20261001,0.0006,1,70,Low
2448,GB,referral,Basic,10.00,20261001,0.0107,1,186,Low
2450,NG,partner,Basic,10.00,20261001,0.1388,1,149,Medium
2454,KE,partner,Basic,10.00,20261001,0.0044,2,305,Low
2457,US,organic,Team,80.00,20261001,0.0176,2,725,Low
2460,KE,organic,Pro,30.00,20261001,0.0054,0,216,Low
2461,GH,ads,Pro,30.00,20261001,0.0047,1,156,Low
2463,US,organic,Basic,10.00,20261001,0.0012,1,40,Low
2465,GB,organic,Pro,30.00,20261001,0.0008,1,114,Low
2466,NG,ads,Pro,30.00,20261001,0.0236,1,34,Low
2467,US,ads,Pro,30.00,20261001,0.0005,2,498,Low
2468,US,organic,Team,80.00,20261001,0.0268,1,110,Low
2470,GB,referral,Basic,10.00,20261001,0.0008,2,320,Low
2472,GH,partner,Team,80.00,20261001,0.0197,2,216,Low
2473,ZA,organic,Team,80.00,20261001,0.0035,1,75,Low
2474,US,ads,Team,80.00,20261001,0.0075,2,213,Low
2477,NG,ads,Pro,30.00,20261001,0.0041,2,566,Low
2479,GH,referral,Pro,30.00,20261001,0.0048,0,357,Low
2480,NG,partner,Basic,10.00,20261001,0.0021,2,419,Low
2482,US,referral,Team,80.00,20261001,0.0100,0,272,Low
2483,GB,organic,Pro,30.00,20261001,0.0050,0,227,Low
2487,GB,referral,Team,80.00,20261001,0.0899,2,405,Medium
2488,GB,organic,Pro,30.00,20261001,0.0013,2,699,Low
2489,GB,organic,Basic,10.00,20261001,0.0144,2,556,Low
2490,NG,referral,Team,80.00,20261001,0.0034,2,590,Low
2493,GB,ads,Basic,10.00,20261001,0.0063,1,169,Low
2496,US,organic,Pro,30.00,20261001,0.0008,1,70,Low
2500,US,ads,Pro,30.00,20261001,0.0009,2,211,Low
2504,GH,ads,Pro,30.00,20261001,0.0012,2,237,Low
2505,GH,ads,Basic,10.00,20261001,0.0020,1,122,Low
2507,KE,organic,Basic,10.00,20261001,0.0042,1,123,Low
2508,GB,organic,Team,80.00,20261001,0.0142,0,609,Low
2511,GB,referral,Pro,30.00,20261001,0.1290,0,82,Medium
2513,GH,organic,Pro,30.00,20261001,0.0012,2,682,Low
2517,NG,partner,Basic,10.00,20261001,0.3875,1,201,High
2518,NG,organic,Basic,10.00,20261001,0.0034,2,447,Low
2521,GB,referral,Basic,10.00,20261001,0.0045,2,605,Low
2523,ZA,partner,Basic,10.00,20261001,0.0364,0,619,Low
2525,US,organic,Pro,30.00,20261001,0.0057,2,529,Low
2528,US,organic,Pro,30.00,20261001,0.0020,1,79,Low
2529,ZA,organic,Basic,10.00,20261001,0.0073,0,198,Low
2531,NG,ads,Basic,10.00,20261001,0.0433,1,164,Low
2532,GH,organic,Basic,10.00,20261001,0.0073,1,52,Low
2534,US,organic,Basic,10.00,20261001,0.0005,1,73,Low
2535,US,partner,Pro,30.00,20261001,0.0150,2,484,Low
2538,US,ads,Basic,10.00,20261001,0.0033,2,446,Low
2541,GH,partner,Basic,10.00,20261001,0.0102,0,479,Low
2543,GH,organic,Basic,10.00,20261001,0.0118,2,384,Low
2545,ZA,referral,Basic,10.00,20261001,0.0219,1,39,Low
2547,GB,organic,Team,80.00,20261001,0.0202,2,341,Low
2549,GB,ads,Pro,30.00,20261001,0.0110,1,31,Low
2551,US,ads,Pro,30.00,20261001,0.1827,2,648,Medium
2554,GH,organic,Basic,10.00,20261001,0.2128,0,380,Medium
2555,NG,referral,Basic,10.00,20261001,0.0011,1,58,Low
2559,GH,partner,Basic,10.00,20261001,0.0149,2,537,Low
2565,GH,ads,Pro,30.00,20261001,0.0129,0,399,Low
2567,GH,referral,Team,80.00,20261001,0.0045,2,577,Low
2568,ZA,partner,Team,80.00,20261001,0.0008,1,119,Low
2571,GB,organic,Basic,10.00,20261001,0.1447,1,260,Medium
2572,KE,organic,Pro,30.00,20261001,0.0011,1,112,Low
2573,US,ads,Team,80.00,20261001,0.0153,1,81,Low
2575,GH,partner,Pro,30.00,20261001,0.0022,2,631,Low
2576,GB,organic,Basic,10.00,20261001,0.0048,2,306,Low
2578,GH,ads,Team,80.00,20261001,0.4657,2,603,High
2580,GH,organic,Pro,30.00,20261001,0.0050,1,97,Low
2582,US,organic,Basic,10.00,20261001,0.0068,0,243,Low
2584,US,organic,Team,80.00,20261001,0.0135,1,61,Low
2585,ZA,organic,Basic,10.00,20261001,0.0045,1,120,Low
2586,NG,ads,Pro,30.00,20261001,0.0111,1,63,Low
2587,KE,ads,Pro,30.00,20261001,0.0034,1,76,Low
2591,US,partner,Team,80.00,20261001,0.0027,0,73,Low
2592,NG,organic,Pro,30.00,20261001,0.0011,2,422,Low
2593,GB,organic,Team,80.00,20261001,0.0006,2,285,Low
2594,GB,organic,Basic,10.00,20261001,0.0061,1,270,Low
2595,KE,organic,Basic,10.00,20261001,0.1909,2,628,Medium
2597,NG,organic,Basic,10.00,20261001,0.0036,2,358,Low
2600,GH,ads,Pro,30.00,20261001,0.1367,2,273,Medium
2601,GB,organic,Pro,30.00,20261001,0.0034,0,319,Low
2602,ZA,organic,Basic,10.00,20261001,0.0080,2,562,Low
2604,NG,referral,Basic,10.00,20261001,0.0863,1,247,Medium
2606,ZA,organic,Basic,10.00,20261001,0.0003,1,172,Low
2608,GH,referral,Team,80.00,20261001,0.1183,0,695,Medium
2609,NG,referral,Team,80.00,20261001,0.0662,0,591,Low
2614,US,referral,Pro,30.00,20261001,0.0009,1,125,Low
2615,GB,ads,Pro,30.00,20261001,0.2281,0,564,Medium
2617,ZA,ads,Basic,10.00,20261001,0.0025,1,256,Low
2619,GB,organic,Basic,10.00,20261001,0.0035,1,111,Low
2620,NG,organic,Pro,30.00,20261001,0.1518,2,579,Medium
2621,GB,organic,Pro,30.00,20261001,0.0048,0,298,Low
2622,GB,referral,Pro,30.00,20261001,0.0066,2,399,Low
2623,GB,ads,Basic,10.00,20261001,0.0143,1,153,Low
2624,NG,referral,Team,80.00,20261001,0.0081,2,165,Low
2625,ZA,organic,Basic,10.00,20261001,0.0079,2,360,Low
2626,KE,ads,Basic,10.00,20261001,0.0005,2,486,Low
2627,ZA,referral,Basic,10.00,20261001,0.0105,1,169,Low
2629,KE,partner,Pro,30.00,20261001,0.0039,0,612,Low
2630,NG,partner,Team,80.00,20261001,0.0032,0,524,Low
2632,ZA,ads,Team,80.00,20261001,0.0036,2,535,Low
2633,GB,ads,Pro,30.00,20261001,0.0012,2,355,Low
2634,GH,partner,Basic,10.00,20261001,0.0036,2,593,Low
2636,GH,referral,Basic,10.00,20261001,0.0012,1,60,Low
2637,ZA,partner,Basic,10.00,20261001,0.0011,2,591,Low
2638,GB,organic,Team,80.00,20261001,0.0598,0,380,Low
2639,ZA,organic,Basic,10.00,20261001,0.0021,2,520,Low
2641,US,ads,Pro,30.00,20261001,0.0109,2,301,Low
2642,GB,ads,Team,80.00,20261001,0.0058,2,351,Low
2643,NG,organic,Pro,30.00,20261001,0.0221,2,686,Low
2644,GH,organic,Basic,10.00,20261001,0.0085,0,153,Low
2645,GB,ads,Basic,10.00,20261001,0.0638,0,124,Low
2647,ZA,organic,Pro,30.00,20261001,0.0051,2,554,Low
2648,ZA,organic,Basic,10.00,20261001,0.0047,2,272,Low
2649,NG,organic,Pro,30.00,20261001,0.1712,0,221,Medium
2651,ZA,ads,Pro,30.00,20261001,0.0126,1,45,Low
2653,NG,referral,Pro,30.00,20261001,0.0048,2,633,Low
2655,GB,organic,Pro,30.00,20261001,0.0048,2,295,Low
2656,NG,referral,Pro,30.00,20261001,0.0042,2,730,Low
2657,NG,partner,Pro,30.00,20261001,0.0018,2,606,Low
2658,ZA,ads,Basic,10.00,20261001,0.0042,2,450,Low
2659,GB,organic,Team,80.00,20261001,0.0102,2,554,Low
2661,US,partner,Team,80.00,20261001,0.0082,2,265,Low
2662,GB,organic,Basic,10.00,20261001,0.0040,1,59,Low
2664,GB,referral,Basic,10.00,20261001,0.0056,2,345,Low
2665,GH,referral,Basic,10.00,20261001,0.2036,0,600,Medium
2670,ZA,ads,Team,80.00,20261001,0.0009,2,719,Low
2672,ZA,referral,Basic,10.00,20261001,0.0005,2,330,Low
2673,GB,organic,Pro,30.00,20261001,0.0014,2,296,Low
2675,KE,partner,Basic,10.00,20261001,0.0017,1,121,Low
2676,GH,organic,Basic,10.00,20261001,0.0139,2,687,Low
2679,ZA,referral,Basic,10.00,20261001,0.0006,2,432,Low
2680,US,ads,Basic,10.00,20261001,0.1336,1,142,Medium
2681,KE,partner,Team,80.00,20261001,0.1041,2,211,Medium
2682,NG,organic,Pro,30.00,20261001,0.0034,2,442,Low
2683,US,ads,Basic,10.00,20261001,0.1612,1,148,Medium
2685,NG,partner,Team,80.00,20261001,0.0042,0,237,Low
2686,KE,organic,Team,80.00,20261001,0.0010,2,460,Low
2687,US,organic,Pro,30.00,20261001,0.0608,1,110,Low
2689,KE,organic,Basic,10.00,20261001,0.0009,2,627,Low
2693,GH,referral,Pro,30.00,20261001,0.0093,0,311,Low
2696,KE,organic,Basic,10.00,20261001,0.0014,2,524,Low
2697,KE,partner,Pro,30.00,20261001,0.0102,2,241,Low
2698,NG,ads,Pro,30.00,20261001,0.0167,0,303,Low
2699,KE,referral,Basic,10.00,20261001,0.0011,2,371,Low
2701,KE,ads,Basic,10.00,20261001,0.0116,0,241,Low
2703,ZA,ads,Pro,30.00,20261001,0.0014,2,523,Low
2704,KE,ads,Team,80.00,20261001,0.0064,1,77,Low
2706,GB,ads,Pro,30.00,20261001,0.0059,2,188,Low
2707,KE,organic,Basic,10.00,20261001,0.0030,2,616,Low
2715,GH,partner,Basic,10.00,20261001,0.0123,2,557,Low
2719,NG,organic,Team,80.00,20261001,0.0049,1,112,Low
2721,GH,organic,Pro,30.00,20261001,0.0025,2,431,Low
2722,GB,ads,Team,80.00,20261001,0.0084,2,491,Low
2724,GH,ads,Basic,10.00,20261001,0.0111,2,323,Low
2726,ZA,ads,Pro,30.00,20261001,0.0033,2,647,Low
2728,KE,ads,Pro,30.00,20261001,0.0031,0,214,Low
2729,US,organic,Team,80.00,20261001,0.0126,2,141,Low
2735,KE,referral,Basic,10.00,20261001,0.0053,2,384,Low
2736,GH,ads,Basic,10.00,20261001,0.0008,1,223,Low
2737,GH,ads,Team,80.00,20261001,0.0055,2,438,Low
2738,US,partner,Basic,10.00,20261001,0.0014,2,305,Low
2740,KE,referral,Basic,10.00,20261001,0.0148,2,389,Low
2742,ZA,referral,Team,80.00,20261001,0.0033,1,73,Low
2743,GB,referral,Basic,10.00,20261001,0.0075,0,558,Low
2744,ZA,organic,Team,80.00,20261001,0.1569,2,710,Medium
2746,NG,referral,Pro,30.00,20261001,0.0058,0,157,Low
2747,GH,ads,Pro,30.00,20261001,0.0045,2,187,Low
2749,GB,organic,Team,80.00,20261001,0.0019,2,531,Low
2751,US,organic,Pro,30.00,20261001,0.0206,0,39,Low
2752,GH,referral,Team,80.00,20261001,0.0008,2,384,Low
2753,GB,organic,Basic,10.00,20261001,0.0257,1,201,Low
2756,GB,ads,Basic,10.00,20261001,0.0141,1,45,Low
2757,GB,organic,Team,80.00,20261001,0.3999,2,685,High
2759,NG,ads,Pro,30.00,20261001,0.0011,2,393,Low
2760,GB,organic,Basic,10.00,20261001,0.0022,2,595,Low
2761,GB,ads,Basic,10.00,20261001,0.0027,1,61,Low
2763,US,partner,Basic,10.00,20261001,0.0034,1,37,Low
2764,US,organic,Team,80.00,20261001,0.0194,1,96,Low
2765,GB,ads,Basic,10.00,20261001,0.0177,1,258,Low
2767,GH,organic,Basic,10.00,20261001,0.0141,1,76,Low
2768,NG,ads,Basic,10.00,20261001,0.0011,2,324,Low
2770,GB,ads,Basic,10.00,20261001,0.0123,2,481,Low
2772,GB,referral,Basic,10.00,20261001,0.0748,1,251,Low
2775,KE,organic,Pro,30.00,20261001,0.0035,1,156,Low
2776,NG,partner,Basic,10.00,20261001,0.0047,2,702,Low
2777,US,organic,Pro,30.00,20261001,0.0040,2,526,Low
2778,GB,referral,Team,80.00,20261001,0.0015,1,120,Low
2779,KE,organic,Basic,10.00,20261001,0.0043,2,410,Low
2780,NG,referral,Pro,30.00,20261001,0.0072,1,176,Low
2783,GB,referral,Basic,10.00,20261001,0.0034,1,98,Low
2784,ZA,organic,Basic,10.00,20261001,0.0340,0,212,Low
2787,US,ads,Basic,10.00,20261001,0.2140,1,84,Medium
2788,ZA,organic,Basic,10.00,20261001,0.0788,0,442,Low
2789,GH,ads,Team,80.00,20261001,0.0012,2,301,Low
2790,ZA,organic,Basic,10.00,20261001,0.0279,0,310,Low
2791,KE,ads,Basic,10.00,20261001,0.0007,2,379,Low
2792,GB,organic,Team,80.00,20261001,0.0135,1,65,Low
2797,GB,organic,Basic,10.00,20261001,0.0086,0,175,Low
2798,KE,organic,Pro,30.00,20261001,0.0034,2,246,Low
2799,GB,referral,Pro,30.00,20261001,0.0006,2,406,Low
2802,ZA,referral,Team,80.00,20261001,0.0013,2,503,Low
2804,US,referral,Pro,30.00,20261001,0.0140,2,665,Low
2806,NG,organic,Basic,10.00,20261001,0.0031,1,131,Low
2807,GH,partner,Pro,30.00,20261001,0.0031,1,33,Low
2808,KE,organic,Pro,30.00,20261001,0.0113,2,369,Low
2810,GB,organic,Basic,10.00,20261001,0.0180,1,260,Low
2811,NG,ads,Pro,30.00,20261001,0.0203,0,503,Low
2812,KE,organic,Basic,10.00,20261001,0.0007,2,290,Low
2813,NG,organic,Pro,30.00,20261001,0.0029,1,151,Low
2814,GH,ads,Pro,30.00,20261001,0.0033,2,667,Low
2815,ZA,organic,Pro,30.00,20261001,0.0013,2,389,Low
2817,ZA,organic,Basic,10.00,20261001,0.0208,0,230,Low
2822,ZA,referral,Pro,30.00,20261001,0.0072,0,84,Low
2823,ZA,ads,Basic,10.00,20261001,0.0190,2,551,Low
2824,ZA,organic,Basic,10.00,20261001,0.0060,1,98,Low
2825,NG,partner,Pro,30.00,20261001,0.0019,2,561,Low
2826,KE,ads,Team,80.00,20261001,0.0051,2,374,Low
2827,NG,organic,Pro,30.00,20261001,0.0097,0,218,Low
2828,US,ads,Team,80.00,20261001,0.0067,2,353,Low
2829,GB,ads,Pro,30.00,20261001,0.0030,2,671,Low
2831,ZA,organic,Team,80.00,20261001,0.0004,2,214,Low
2832,GH,ads,Basic,10.00,20261001,0.0211,2,553,Low
2834,GH,ads,Basic,10.00,20261001,0.0061,1,58,Low
2836,GH,referral,Basic,10.00,20261001,0.0040,1,89,Low
2837,ZA,organic,Pro,30.00,20261001,0.0230,2,452,Low
2839,US,ads,Team,80.00,20261001,0.0011,2,165,Low
2842,GB,ads,Pro,30.00,20261001,0.0639,2,520,Low
2843,NG,referral,Team,80.00,20261001,0.1241,1,89,Medium
2845,KE,organic,Team,80.00,20261001,0.0029,2,396,Low
2848,KE,partner,Basic,10.00,20261001,0.0727,1,135,Low
2850,KE,organic,Basic,10.00,20261001,0.0008,2,652,Low
2852,US,referral,Basic,10.00,20261001,0.0154,1,65,Low
2853,NG,organic,Pro,30.00,20261001,0.0009,2,695,Low
2854,GH,ads,Basic,10.00,20261001,0.0010,2,564,Low
2856,KE,ads,Pro,30.00,20261001,0.0254,1,114,Low
2858,US,organic,Basic,10.00,20261001,0.0006,1,202,Low
2859,ZA,ads,Team,80.00,20261001,0.1109,2,568,Medium
2860,GB,organic,Basic,10.00,20261001,0.0381,2,623,Low
2861,GB,ads,Basic,10.00,20261001,0.0197,2,484,Low
2862,GH,organic,Team,80.00,20261001,0.0023,2,137,Low
2863,KE,referral,Pro,30.00,20261001,0.0012,2,297,Low
2864,NG,organic,Basic,10.00,20261001,0.1659,2,389,Medium
2866,GH,organic,Basic,10.00,20261001,0.0117,1,242,Low
2867,GB,partner,Pro,30.00,20261001,0.0074,2,427,Low
2869,KE,ads,Basic,10.00,20261001,0.0018,1,64,Low
2870,ZA,organic,Team,80.00,20261001,0.0012,2,286,Low
2871,GB,referral,Pro,30.00,20261001,0.0290,2,548,Low
2872,GH,organic,Pro,30.00,20261001,0.0061,2,505,Low
2878,US,ads,Basic,10.00,20261001,0.0068,0,278,Low
2881,GB,ads,Pro,30.00,20261001,0.0009,2,678,Low
2883,KE,ads,Basic,10.00,20261001,0.0175,1,52,Low
2884,KE,ads,Pro,30.00,20261001,0.0064,0,246,Low
2886,GB,referral,Basic,10.00,20261001,0.0036,2,702,Low
2888,NG,organic,Pro,30.00,20261001,0.1146,0,322,Medium
2891,GH,ads,Team,80.00,20261001,0.0048,2,424,Low
2893,NG,ads,Basic,10.00,20261001,0.0199,2,730,Low
2894,NG,ads,Basic,10.00,20261001,0.0041,1,73,Low
2895,GH,partner,Basic,10.00,20261001,0.0085,1,169,Low
2897,NG,organic,Basic,10.00,20261001,0.0501,1,231,Low
2898,KE,organic,Pro,30.00,20261001,0.0078,2,340,Low
2900,KE,referral,Pro,30.00,20261001,0.0059,1,46,Low
2902,ZA,organic,Team,80.00,20261001,0.0025,2,459,Low
2904,GH,organic,Team,80.00,20261001,0.0027,2,538,Low
2908,NG,ads,Pro,30.00,20261001,0.0068,1,155,Low
2909,US,partner,Team,80.00,20261001,0.0006,2,657,Low
2910,KE,referral,Basic,10.00,20261001,0.0048,1,201,Low
2911,GH,ads,Pro,30.00,20261001,0.0070,2,283,Low
2913,ZA,ads,Basic,10.00,20261001,0.0195,1,65,Low
2914,GB,partner,Basic,10.00,20261001,0.0040,2,561,Low
2915,GH,ads,Basic,10.00,20261001,0.1814,1,145,Medium
2916,ZA,organic,Basic,10.00,20261001,0.0003,1,187,Low
2917,KE,referral,Pro,30.00,20261001,0.0031,2,292,Low
2918,GH,partner,Pro,30.00,20261001,0.1076,0,99,Medium
2919,ZA,ads,Basic,10.00,20261001,0.0151,2,337,Low
2924,GB,ads,Basic,10.00,20261001,0.0060,0,125,Low
2925,GH,organic,Pro,30.00,20261001,0.0508,1,152,Low
2927,GB,ads,Basic,10.00,20261001,0.0246,1,136,Low
2928,GB,organic,Basic,10.00,20261001,0.0013,0,407,Low
2929,GB,organic,Basic,10.00,20261001,0.0025,1,89,Low
2931,GB,organic,Pro,30.00,20261001,0.0013,1,109,Low
2932,KE,referral,Basic,10.00,20261001,0.0034,1,30,Low
2934,GB,organic,Pro,30.00,20261001,0.0054,1,32,Low
2935,KE,ads,Basic,10.00,20261001,0.0050,1,231,Low
2936,GH,organic,Basic,10.00,20261001,0.0009,1,65,Low
2937,GH,organic,Basic,10.00,20261001,0.0025,1,82,Low
2938,GH,organic,Pro,30.00,20261001,0.0042,2,515,Low
2939,US,ads,Basic,10.00,20261001,0.1494,2,572,Medium
2941,KE,organic,Team,80.00,20261001,0.0023,2,522,Low
2942,US,organic,Basic,10.00,20261001,0.0082,0,389,Low
2944,US,organic,Pro,30.00,20261001,0.0068,0,101,Low
2945,GB,ads,Basic,10.00,20261001,0.0063,0,299,Low
2947,NG,organic,Basic,10.00,20261001,0.0069,0,86,Low
2948,US,organic,Basic,10.00,20261001,0.0059,1,156,Low
2949,US,organic,Basic,10.00,20261001,0.0016,2,705,Low
2950,ZA,referral,Team,80.00,20261001,0.0006,2,316,Low
2951,NG,referral,Team,80.00,20261001,0.0023,2,413,Low
2953,KE,organic,Basic,10.00,20261001,0.0089,2,354,Low
2955,ZA,organic,Team,80.00,20261001,0.0371,2,351,Low
2956,GH,partner,Basic,10.00,20261001,0.0026,1,107,Low
2957,KE,partner,Pro,30.00,20261001,0.0061,1,109,Low
2959,GB,partner,Pro,30.00,20261001,0.0015,2,295,Low
2963,KE,organic,Basic,10.00,20261001,0.0426,2,553,Low
2964,KE,organic,Pro,30.00,20261001,0.0074,1,42,Low
2965,GH,organic,Basic,10.00,20261001,0.0150,2,422,Low
2966,KE,ads,Team,80.00,20261001,0.0274,1,78,Low
2968,KE,ads,Basic,10.00,20261001,0.0059,1,73,Low
2970,KE,organic,Team,80.00,20261001,0.0744,2,177,Low
2974,NG,referral,Pro,30.00,20261001,0.0042,0,540,Low
2975,ZA,organic,Basic,10.00,20261001,0.0289,1,36,Low
2976,GB,ads,Pro,30.00,20261001,0.0022,2,487,Low
2981,GH,ads,Basic,10.00,20261001,0.0056,1,177,Low
2982,ZA,organic,Basic,10.00,20261001,0.0085,1,181,Low
2983,ZA,organic,Pro,30.00,20261001,0.0017,2,224,Low
2984,KE,referral,Basic,10.00,20261001,0.0005,1,240,Low
2985,NG,organic,Pro,30.00,20261001,0.0080,2,448,Low
2987,NG,referral,Basic,10.00,20261001,0.3710,0,567,High
2991,GH,referral,Basic,10.00,20261001,0.0047,1,119,Low
2992,ZA,organic,Basic,10.00,20261001,0.1578,1,72,Medium
2993,GH,referral,Basic,10.00,20261001,0.0005,2,346,Low
2994,KE,referral,Basic,10.00,20261001,0.0306,0,265,Low
2995,GB,organic,Basic,10.00,20261001,0.0031,1,163,Low
2996,GB,organic,Pro,30.00,20261001,0.0037,2,644,Low
2997,KE,organic,Team,80.00,20261001,0.0054,2,180,Low
2998,US,ads,Basic,10.00,20261001,0.0096,1,242,Low
2999,NG,referral,Pro,30.00,20261001,0.0300,1,177,Low
3002,KE,referral,Team,80.00,20261001,0.0015,2,624,Low
3003,ZA,partner,Basic,10.00,20261001,0.0028,2,348,Low
3006,GH,organic,Pro,30.00,20261001,0.0005,1,81,Low
3007,US,referral,Basic,10.00,20261001,0.0140,1,206,Low
3008,NG,referral,Basic,10.00,20261001,0.0009,2,422,Low
3010,NG,ads,Team,80.00,20261001,0.0055,1,49,Low
3011,US,ads,Pro,30.00,20261001,0.0016,2,570,Low
3012,KE,ads,Basic,10.00,20261001,0.1829,1,276,Medium
3013,US,organic,Pro,30.00,20261001,0.0013,2,428,Low
3015,US,referral,Team,80.00,20261001,0.0686,2,453,Low
3016,KE,partner,Basic,10.00,20261001,0.0089,0,486,Low
3017,KE,organic,Pro,30.00,20261001,0.0030,2,182,Low
3019,GH,referral,Pro,30.00,20261001,0.0033,2,451,Low
3025,ZA,organic,Pro,30.00,20261001,0.0131,2,203,Low
3027,NG,referral,Team,80.00,20261001,0.0008,2,582,Low
3029,ZA,ads,Basic,10.00,20261001,0.0317,1,187,Low
3031,KE,organic,Pro,30.00,20261001,0.0018,2,501,Low
3032,ZA,ads,Pro,30.00,20261001,0.0031,2,282,Low
3036,US,ads,Basic,10.00,20261001,0.0146,1,39,Low
3037,NG,organic,Pro,30.00,20261001,0.0069,2,257,Low
3038,GH,ads,Pro,30.00,20261001,0.0040,2,213,Low
3040,NG,ads,Team,80.00,20261001,0.0037,2,309,Low
3041,US,organic,Team,80.00,20261001,0.0074,2,519,Low
3045,ZA,organic,Team,80.00,20261001,0.0209,2,289,Low
3046,US,organic,Basic,10.00,20261001,0.0441,2,336,Low
3048,KE,referral,Team,80.00,20261001,0.0020,2,600,Low
3050,GH,organic,Basic,10.00,20261001,0.0051,1,178,Low
3051,US,referral,Basic,10.00,20261001,0.0102,1,230,Low
3053,GH,referral,Team,80.00,20261001,0.0083,2,501,Low
3054,NG,partner,Basic,10.00,20261001,0.0039,1,209,Low
3055,GH,partner,Pro,30.00,20261001,0.0066,2,226,Low
3056,US,organic,Pro,30.00,20261001,0.0047,1,176,Low
3059,NG,organic,Team,80.00,20261001,0.0004,1,114,Low
3061,GH,referral,Basic,10.00,20261001,0.0062,2,311,Low
3062,US,referral,Pro,30.00,20261001,0.0924,2,274,Medium
3064,GH,ads,Pro,30.00,20261001,0.0255,2,351,Low
3068,US,partner,Basic,10.00,20261001,0.0088,2,687,Low
3071,GB,organic,Basic,10.00,20261001,0.0460,2,602,Low
3072,GH,organic,Basic,10.00,20261001,0.0162,1,39,Low
3074,GB,referral,Basic,10.00,20261001,0.0014,1,59,Low
3075,ZA,ads,Basic,10.00,20261001,0.0505,0,170,Low
3077,GB,organic,Pro,30.00,20261001,0.0037,0,116,Low
3078,NG,organic,Team,80.00,20261001,0.0051,1,48,Low
3079,NG,organic,Team,80.00,20261001,0.0006,2,729,Low
3080,GB,organic,Pro,30.00,20261001,0.0053,2,415,Low
3081,KE,ads,Pro,30.00,20261001,0.0012,2,350,Low
3082,US,referral,Pro,30.00,20261001,0.0042,1,103,Low
3083,ZA,ads,Basic,10.00,20261001,0.0218,1,43,Low
3084,GH,ads,Basic,10.00,20261001,0.0046,1,120,Low
3085,GB,ads,Pro,30.00,20261001,0.0083,1,51,Low
3086,ZA,referral,Team,80.00,20261001,0.0006,1,83,Low
3087,KE,organic,Team,80.00,20261001,0.0017,2,500,Low
3088,ZA,organic,Basic,10.00,20261001,0.0003,2,374,Low
3089,GH,organic,Team,80.00,20261001,0.0018,2,696,Low
3091,GB,organic,Pro,30.00,20261001,0.0005,1,77,Low
3092,GB,referral,Basic,10.00,20261001,0.0036,2,291,Low
3093,KE,organic,Team,80.00,20261001,0.0009,2,723,Low
3097,ZA,organic,Team,80.00,20261001,0.0033,2,596,Low
3098,US,organic,Basic,10.00,20261001,0.0009,2,625,Low
3100,GB,organic,Basic,10.00,20261001,0.0150,1,193,Low
3101,US,referral,Pro,30.00,20261001,0.0018,1,119,Low
3102,GB,organic,Pro,30.00,20261001,0.0028,2,336,Low
3104,GH,referral,Team,80.00,20261001,0.0108,1,34,Low
3105,GB,organic,Pro,30.00,20261001,0.0027,0,195,Low
3107,GB,organic,Team,80.00,20261001,0.0009,2,550,Low
3108,US,organic,Pro,30.00,20261001,0.0009,1,82,Low
3111,GH,organic,Basic,10.00,20261001,0.0063,0,194,Low
3112,ZA,organic,Team,80.00,20261001,0.0008,2,437,Low
3115,GB,organic,Basic,10.00,20261001,0.0022,2,321,Low
3116,ZA,referral,Basic,10.00,20261001,0.0077,1,264,Low
3117,GH,ads,Basic,10.00,20261001,0.0138,2,375,Low
3121,NG,referral,Team,80.00,20261001,0.0052,0,486,Low
3122,US,referral,Pro,30.00,20261001,0.0047,1,32,Low
3124,GH,organic,Team,80.00,20261001,0.0024,2,137,Low
3125,KE,ads,Pro,30.00,20261001,0.0024,1,86,Low
3127,GH,ads,Team,80.00,20261001,0.0074,0,566,Low
3128,GH,organic,Pro,30.00,20261001,0.0325,1,117,Low
3131,NG,ads,Basic,10.00,20261001,0.0069,1,109,Low
3132,GB,referral,Pro,30.00,20261001,0.0128,1,136,Low
3133,ZA,organic,Basic,10.00,20261001,0.0053,1,204,Low
3135,GH,partner,Pro,30.00,20261001,0.0135,1,36,Low
3136,US,ads,Pro,30.00,20261001,0.0085,2,518,Low
3138,KE,ads,Pro,30.00,20261001,0.0028,2,548,Low
3142,ZA,partner,Basic,10.00,20261001,0.0035,2,320,Low
3143,US,ads,Basic,10.00,20261001,0.0098,2,494,Low
3145,US,referral,Basic,10.00,20261001,0.0019,2,722,Low
3146,US,referral,Pro,30.00,20261001,0.0037,2,704,Low
3147,US,partner,Pro,30.00,20261001,0.0033,1,81,Low
3148,US,organic,Basic,10.00,20261001,0.2265,2,583,Medium
3149,NG,organic,Basic,10.00,20261001,0.0179,1,232,Low
3150,NG,partner,Pro,30.00,20261001,0.0105,2,215,Low
3151,ZA,referral,Team,80.00,20261001,0.0159,2,326,Low
3152,NG,referral,Basic,10.00,20261001,0.0106,1,112,Low
3153,GH,ads,Basic,10.00,20261001,0.0008,1,108,Low
3154,GB,organic,Basic,10.00,20261001,0.0061,2,283,Low
3159,GH,organic,Team,80.00,20261001,0.0038,1,108,Low
3160,US,referral,Basic,10.00,20261001,0.0088,0,85,Low
3162,ZA,organic,Basic,10.00,20261001,0.0184,1,116,Low
3164,KE,partner,Pro,30.00,20261001,0.0041,2,669,Low
3168,GB,organic,Basic,10.00,20261001,0.0167,1,126,Low
3169,KE,organic,Basic,10.00,20261001,0.0710,1,73,Low
3170,ZA,partner,Basic,10.00,20261001,0.0052,2,386,Low
3175,KE,ads,Basic,10.00,20261001,0.0097,1,146,Low
3176,ZA,ads,Team,80.00,20261001,0.0051,2,211,Low
3177,GH,partner,Basic,10.00,20261001,0.0245,1,103,Low
3178,NG,ads,Basic,10.00,20261001,0.0042,1,124,Low
3182,GB,ads,Basic,10.00,20261001,0.0196,0,534,Low
3183,US,partner,Pro,30.00,20261001,0.0726,0,322,Low
3184,GB,referral,Pro,30.00,20261001,0.0758,2,462,Low
3186,NG,ads,Basic,10.00,20261001,0.0038,2,284,Low
3188,ZA,ads,Pro,30.00,20261001,0.0186,1,122,Low
3190,GB,referral,Basic,10.00,20261001,0.0037,1,128,Low
3191,NG,referral,Pro,30.00,20261001,0.0946,2,300,Medium
3192,NG,organic,Pro,30.00,20261001,0.0385,2,336,Low
3198,NG,referral,Pro,30.00,20261001,0.0383,0,392,Low
3199,NG,organic,Basic,10.00,20261001,0.0063,0,155,Low
3200,NG,ads,Basic,10.00,20261001,0.0048,1,168,Low
3202,NG,referral,Team,80.00,20261001,0.0011,2,641,Low
3203,NG,referral,Basic,10.00,20261001,0.0037,1,109,Low
3205,NG,ads,Basic,10.00,20261001,0.0010,1,198,Low
3206,KE,organic,Pro,30.00,20261001,0.0582,2,490,Low
3209,NG,partner,Team,80.00,20261001,0.0051,1,63,Low
3213,NG,organic,Pro,30.00,20261001,0.0011,2,690,Low
3216,ZA,referral,Team,80.00,20261001,0.0016,2,126,Low
3218,GH,organic,Pro,30.00,20261001,0.0027,2,251,Low
3219,GH,organic,Pro,30.00,20261001,0.0025,1,176,Low
3221,NG,organic,Basic,10.00,20261001,0.0044,0,533,Low
3223,KE,referral,Basic,10.00,20261001,0.0007,2,552,Low
3225,NG,referral,Team,80.00,20261001,0.0025,2,343,Low
3229,NG,organic,Basic,10.00,20261001,0.0297,1,39,Low
3232,KE,ads,Pro,30.00,20261001,0.1004,2,594,Medium
3233,US,partner,Basic,10.00,20261001,0.0534,1,227,Low
3234,GH,referral,Pro,30.00,20261001,0.1136,2,368,Medium
3235,NG,ads,Pro,30.00,20261001,0.0177,2,286,Low
3237,GB,partner,Pro,30.00,20261001,0.0976,2,509,Medium
3239,GB,organic,Team,80.00,20261001,0.0051,2,193,Low
3240,ZA,referral,Basic,10.00,20261001,0.0065,1,65,Low
3243,GH,organic,Basic,10.00,20261001,0.0010,1,192,Low
3244,GH,partner,Basic,10.00,20261001,0.0037,1,137,Low
3245,ZA,ads,Basic,10.00,20261001,0.0123,2,489,Low
3246,ZA,organic,Pro,30.00,20261001,0.0057,1,48,Low
3247,GB,ads,Team,80.00,20261001,0.0084,2,505,Low
3248,US,ads,Basic,10.00,20261001,0.2525,0,435,High
3250,ZA,ads,Team,80.00,20261001,0.0060,1,30,Low
3251,GH,organic,Basic,10.00,20261001,0.0168,2,318,Low
3252,GB,referral,Basic,10.00,20261001,0.0737,2,373,Low
3255,GB,partner,Pro,30.00,20261001,0.0006,2,355,Low
3256,US,organic,Pro,30.00,20261001,0.0020,2,612,Low
3258,KE,partner,Pro,30.00,20261001,0.0007,2,610,Low
3259,GH,organic,Pro,30.00,20261001,0.0027,2,452,Low
3260,KE,ads,Basic,10.00,20261001,0.0210,0,104,Low
3261,GB,organic,Basic,10.00,20261001,0.0170,1,186,Low
3265,NG,referral,Pro,30.00,20261001,0.0040,2,354,Low
3269,GB,organic,Pro,30.00,20261001,0.0004,2,692,Low
3271,GB,organic,Pro,30.00,20261001,0.0061,2,512,Low
3272,NG,organic,Team,80.00,20261001,0.0032,2,664,Low
3273,ZA,organic,Basic,10.00,20261001,0.0250,0,288,Low
3274,GH,organic,Basic,10.00,20261001,0.0153,1,244,Low
3277,GH,organic,Pro,30.00,20261001,0.0027,1,78,Low
3279,GH,ads,Pro,30.00,20261001,0.0013,2,280,Low
3282,US,organic,Pro,30.00,20261001,0.0017,1,113,Low
3284,KE,ads,Pro,30.00,20261001,0.3834,2,576,High
3288,GB,referral,Pro,30.00,20261001,0.0081,1,134,Low
3292,NG,organic,Basic,10.00,20261001,0.0893,0,459,Medium
3293,US,partner,Pro,30.00,20261001,0.0052,0,104,Low
3295,US,organic,Pro,30.00,20261001,0.0052,2,709,Low
3297,NG,ads,Pro,30.00,20261001,0.0066,2,241,Low
3298,KE,referral,Pro,30.00,20261001,0.0137,1,142,Low
3299,GB,partner,Basic,10.00,20261001,0.0603,2,426,Low
3300,GH,referral,Team,80.00,20261001,0.3269,2,621,High
3304,ZA,referral,Basic,10.00,20261001,0.0042,2,496,Low
3305,KE,organic,Pro,30.00,20261001,0.0025,1,39,Low
3307,NG,organic,Team,80.00,20261001,0.0032,2,407,Low
3308,ZA,ads,Team,80.00,20261001,0.0020,2,405,Low
3310,KE,ads,Basic,10.00,20261001,0.0969,2,443,Medium
3314,GB,organic,Basic,10.00,20261001,0.0127,1,41,Low
3315,KE,ads,Pro,30.00,20261001,0.0054,2,531,Low
3317,KE,organic,Team,80.00,20261001,0.0035,2,236,Low
3320,NG,partner,Basic,10.00,20261001,0.2525,0,411,High
3322,ZA,ads,Basic,10.00,20261001,0.0018,1,188,Low
3323,GH,ads,Team,80.00,20261001,0.0035,2,292,Low
3324,KE,ads,Team,80.00,20261001,0.1015,2,144,Medium
3325,US,organic,Basic,10.00,20261001,0.0012,2,300,Low
3326,KE,ads,Basic,10.00,20261001,0.0195,1,41,Low
3330,KE,ads,Basic,10.00,20261001,0.0008,2,393,Low
3332,NG,organic,Basic,10.00,20261001,0.0032,2,555,Low
3333,GB,referral,Basic,10.00,20261001,0.0183,1,38,Low
3334,US,organic,Basic,10.00,20261001,0.0082,1,143,Low
3337,GB,ads,Basic,10.00,20261001,0.1045,1,153,Medium
3339,GH,ads,Pro,30.00,20261001,0.0045,0,435,Low
3340,GH,organic,Pro,30.00,20261001,0.0014,2,252,Low
3342,US,ads,Pro,30.00,20261001,0.0040,1,42,Low
3344,ZA,ads,Basic,10.00,20261001,0.0070,1,224,Low
3346,ZA,ads,Team,80.00,20261001,0.0074,2,469,Low
3347,ZA,referral,Basic,10.00,20261001,0.2424,2,651,Medium
3348,NG,partner,Team,80.00,20261001,0.0042,2,289,Low
3350,NG,organic,Basic,10.00,20261001,0.0081,1,57,Low
3351,ZA,ads,Basic,10.00,20261001,0.0692,1,152,Low
3353,US,partner,Team,80.00,20261001,0.0007,2,145,Low
3354,ZA,organic,Pro,30.00,20261001,0.0033,2,374,Low
3355,GB,organic,Basic,10.00,20261001,0.0005,1,210,Low
3356,ZA,organic,Pro,30.00,20261001,0.0006,2,313,Low
3357,KE,referral,Basic,10.00,20261001,0.0061,2,649,Low
3359,GB,ads,Basic,10.00,20261001,0.0096,1,223,Low
3360,GH,organic,Pro,30.00,20261001,0.0004,2,570,Low
3361,US,organic,Pro,30.00,20261001,0.0039,1,124,Low
3367,ZA,ads,Pro,30.00,20261001,0.0037,1,90,Low
3371,GB,ads,Basic,10.00,20261001,0.0163,1,45,Low
3374,US,ads,Pro,30.00,20261001,0.0090,2,298,Low
3376,KE,organic,Basic,10.00,20261001,0.0090,1,224,Low
3377,KE,ads,Team,80.00,20261001,0.0019,2,347,Low
3379,NG,referral,Team,80.00,20261001,0.0030,2,471,Low
3380,ZA,referral,Pro,30.00,20261001,0.0035,2,517,Low
3381,NG,referral,Basic,10.00,20261001,0.0056,0,409,Low
3382,GH,ads,Pro,30.00,20261001,0.0306,1,72,Low
3384,US,organic,Basic,10.00,20261001,0.0050,1,192,Low
3385,US,organic,Pro,30.00,20261001,0.1146,0,170,Medium
3387,US,partner,Team,80.00,20261001,0.0141,2,237,Low
3389,NG,organic,Team,80.00,20261001,0.0079,2,414,Low
3392,US,ads,Pro,30.00,20261001,0.0176,1,74,Low
3394,KE,ads,Pro,30.00,20261001,0.0009,2,278,Low
3395,GH,referral,Team,80.00,20261001,0.0006,2,426,Low
3403,KE,organic,Basic,10.00,20261001,0.0053,1,254,Low
3404,GB,referral,Basic,10.00,20261001,0.0047,1,119,Low
3405,NG,referral,Basic,10.00,20261001,0.0186,1,109,Low
3409,GB,organic,Team,80.00,20261001,0.0015,1,63,Low
3411,ZA,ads,Basic,10.00,20261001,0.0015,2,307,Low
3412,NG,referral,Pro,30.00,20261001,0.2287,2,681,Medium
3416,US,organic,Pro,30.00,20261001,0.0006,2,423,Low
3418,ZA,referral,Basic,10.00,20261001,0.0520,1,164,Low
3419,ZA,organic,Team,80.00,20261001,0.0005,2,692,Low
3420,GH,referral,Basic,10.00,20261001,0.0008,2,550,Low
3421,GH,ads,Team,80.00,20261001,0.0037,2,178,Low
3422,NG,referral,Pro,30.00,20261001,0.1047,2,323,Medium
3423,KE,ads,Team,80.00,20261001,0.0029,2,404,Low
3426,ZA,referral,Team,80.00,20261001,0.0013,2,178,Low
3427,KE,referral,Basic,10.00,20261001,0.0236,2,468,Low
3429,KE,ads,Team,80.00,20261001,0.0108,2,218,Low
3432,ZA,referral,Pro,30.00,20261001,0.0232,2,425,Low
3433,ZA,ads,Team,80.00,20261001,0.0037,2,444,Low
3434,GH,partner,Basic,10.00,20261001,0.0010,1,210,Low
3436,GH,organic,Basic,10.00,20261001,0.0056,1,39,Low
3438,GH,ads,Pro,30.00,20261001,0.0060,1,141,Low
3439,GB,ads,Pro,30.00,20261001,0.0012,1,149,Low
3440,NG,ads,Pro,30.00,20261001,0.0116,2,702,Low
3441,KE,ads,Team,80.00,20261001,0.1254,2,455,Medium
3442,KE,ads,Team,80.00,20261001,0.0939,0,530,Medium
3446,KE,organic,Pro,30.00,20261001,0.0101,2,672,Low
3447,ZA,ads,Team,80.00,20261001,0.0047,2,258,Low
3454,GB,organic,Basic,10.00,20261001,0.1751,2,301,Medium
3455,GH,ads,Basic,10.00,20261001,0.0009,1,231,Low
3456,KE,organic,Pro,30.00,20261001,0.0637,2,189,Low
3457,US,organic,Basic,10.00,20261001,0.0008,2,585,Low
3458,GB,organic,Basic,10.00,20261001,0.0057,0,198,Low
3459,GH,organic,Basic,10.00,20261001,0.0112,1,215,Low
3460,NG,ads,Basic,10.00,20261001,0.0089,2,308,Low
3463,KE,organic,Pro,30.00,20261001,0.0087,2,344,Low
3464,KE,ads,Pro,30.00,20261001,0.0253,2,214,Low
3466,US,referral,Basic,10.00,20261001,0.0036,1,186,Low
3467,ZA,organic,Basic,10.00,20261001,0.0064,2,620,Low
3468,US,referral,Pro,30.00,20261001,0.0012,1,152,Low
3472,GH,ads,Pro,30.00,20261001,0.0009,1,130,Low
3474,ZA,organic,Basic,10.00,20261001,0.0011,2,288,Low
3476,US,organic,Basic,10.00,20261001,0.0008,2,412,Low
3477,GB,referral,Basic,10.00,20261001,0.0024,1,262,Low
3479,NG,referral,Pro,30.00,20261001,0.1016,0,562,Medium
3481,GB,organic,Basic,10.00,20261001,0.0046,0,495,Low
3482,NG,organic,Team,80.00,20261001,0.0026,2,418,Low
3483,NG,referral,Basic,10.00,20261001,0.0048,1,150,Low
3487,KE,partner,Basic,10.00,20261001,0.0008,1,226,Low
3490,US,ads,Basic,10.00,20261001,0.0030,1,80,Low
3499,KE,ads,Pro,30.00,20261001,0.0042,2,384,Low
3500,US,organic,Pro,30.00,20261001,0.0066,1,96,Low
3504,GH,ads,Pro,30.00,20261001,0.0071,2,506,Low
3508,ZA,referral,Basic,10.00,20261001,0.0009,1,248,Low
3509,US,referral,Pro,30.00,20261001,0.0017,2,239,Low
3511,GH,organic,Basic,10.00,20261001,0.0016,1,199,Low
3512,KE,ads,Team,80.00,20261001,0.0007,1,82,Low
3514,NG,partner,Team,80.00,20261001,0.0212,2,153,Low
3516,GB,referral,Pro,30.00,20261001,0.0006,2,295,Low
3520,ZA,organic,Team,80.00,20261001,0.0705,0,243,Low
3521,NG,organic,Pro,30.00,20261001,0.0199,2,695,Low
3523,KE,organic,Basic,10.00,20261001,0.0028,2,570,Low
3524,KE,referral,Team,80.00,20261001,0.0056,0,423,Low
3525,KE,referral,Basic,10.00,20261001,0.0192,2,531,Low
3529,GH,organic,Basic,10.00,20261001,0.0132,1,221,Low
3530,KE,referral,Team,80.00,20261001,0.0057,2,717,Low
3531,GH,organic,Basic,10.00,20261001,0.0031,2,436,Low
3532,KE,organic,Pro,30.00,20261001,0.0065,2,209,Low
3537,ZA,organic,Pro,30.00,20261001,0.0135,2,581,Low
3539,GH,ads,Pro,30.00,20261001,0.0232,2,418,Low
3541,US,referral,Basic,10.00,20261001,0.0045,2,438,Low
3542,NG,organic,Basic,10.00,20261001,0.0418,0,160,Low
3543,GB,referral,Team,80.00,20261001,0.0025,2,149,Low
3545,NG,partner,Pro,30.00,20261001,0.0020,2,515,Low
3550,ZA,organic,Team,80.00,20261001,0.0021,2,208,Low
3552,GH,organic,Basic,10.00,20261001,0.0060,2,661,Low
3553,KE,ads,Team,80.00,20261001,0.0008,2,570,Low
3555,GH,referral,Basic,10.00,20261001,0.0212,0,104,Low
3557,ZA,ads,Basic,10.00,20261001,0.0057,1,164,Low
3558,KE,organic,Basic,10.00,20261001,0.0030,2,318,Low
3559,US,referral,Team,80.00,20261001,0.0073,2,703,Low
3560,GB,partner,Team,80.00,20261001,0.0096,1,45,Low
3562,US,referral,Basic,10.00,20261001,0.0074,0,387,Low
3564,GH,organic,Basic,10.00,20261001,0.0205,2,469,Low
3565,ZA,referral,Basic,10.00,20261001,0.0734,0,280,Low
3567,KE,organic,Pro,30.00,20261001,0.0105,2,534,Low
3568,KE,ads,Basic,10.00,20261001,0.1208,1,103,Medium
3569,ZA,organic,Pro,30.00,20261001,0.1075,1,41,Medium
3570,US,partner,Basic,10.00,20261001,0.0031,1,198,Low
3574,NG,ads,Pro,30.00,20261001,0.0032,2,224,Low
3579,GB,ads,Pro,30.00,20261001,0.0064,0,238,Low
3581,GH,partner,Basic,10.00,20261001,0.1464,1,221,Medium
3584,ZA,organic,Basic,10.00,20261001,0.0029,2,430,Low
3585,US,organic,Team,80.00,20261001,0.0030,1,42,Low
3586,GB,partner,Basic,10.00,20261001,0.0256,1,76,Low
3587,KE,partner,Team,80.00,20261001,0.0020,2,327,Low
3588,GH,organic,Pro,30.00,20261001,0.0009,1,54,Low
3590,GH,partner,Basic,10.00,20261001,0.0009,1,193,Low
3591,GH,partner,Pro,30.00,20261001,0.0021,2,614,Low
3594,US,organic,Team,80.00,20261001,0.0045,2,123,Low
3595,NG,ads,Basic,10.00,20261001,0.0045,1,119,Low
3596,GH,organic,Team,80.00,20261001,0.0039,2,385,Low
3597,ZA,organic,Basic,10.00,20261001,0.0055,1,54,Low
3599,GH,partner,Pro,30.00,20261001,0.0012,2,552,Low
3602,ZA,partner,Basic,10.00,20261001,0.0133,1,149,Low
3605,NG,ads,Team,80.00,20261001,0.0015,2,129,Low
3606,GH,ads,Basic,10.00,20261001,0.1443,2,534,Medium
3607,GB,organic,Pro,30.00,20261001,0.0049,0,259,Low
3608,GB,ads,Basic,10.00,20261001,0.0006,2,685,Low
3609,GB,ads,Basic,10.00,20261001,0.0186,0,105,Low
3610,NG,organic,Pro,30.00,20261001,0.0487,1,144,Low
3611,GH,partner,Basic,10.00,20261001,0.0392,1,89,Low
3612,US,ads,Pro,30.00,20261001,0.0048,0,145,Low
3613,GH,ads,Basic,10.00,20261001,0.0095,0,199,Low
3618,KE,organic,Pro,30.00,20261001,0.0015,2,389,Low
3622,NG,ads,Team,80.00,20261001,0.0009,2,403,Low
3624,ZA,ads,Basic,10.00,20261001,0.0008,2,486,Low
3627,ZA,organic,Basic,10.00,20261001,0.0446,0,172,Low
3628,GB,referral,Pro,30.00,20261001,0.0110,1,178,Low
3629,US,ads,Pro,30.00,20261001,0.0064,2,329,Low
3630,GB,partner,Pro,30.00,20261001,0.0009,2,318,Low
3631,KE,organic,Pro,30.00,20261001,0.0009,1,52,Low
3632,US,organic,Pro,30.00,20261001,0.0037,1,114,Low
3634,GB,organic,Team,80.00,20261001,0.0014,0,241,Low
3639,US,organic,Team,80.00,20261001,0.0019,2,298,Low
3640,GH,partner,Basic,10.00,20261001,0.0042,1,228,Low
3642,ZA,ads,Basic,10.00,20261001,0.0111,2,375,Low
3643,ZA,organic,Basic,10.00,20261001,0.0010,2,398,Low
3644,GH,referral,Basic,10.00,20261001,0.3440,0,552,High
3645,NG,referral,Pro,30.00,20261001,0.0011,2,690,Low
3647,US,organic,Basic,10.00,20261001,0.0075,1,200,Low
3648,GH,organic,Basic,10.00,20261001,0.0396,0,452,Low
3649,ZA,organic,Team,80.00,20261001,0.0052,2,597,Low
3651,GH,organic,Pro,30.00,20261001,0.0031,2,591,Low
3652,ZA,ads,Basic,10.00,20261001,0.0036,1,134,Low
3655,KE,referral,Pro,30.00,20261001,0.0122,2,303,Low
3656,US,organic,Basic,10.00,20261001,0.0183,1,153,Low
3658,KE,organic,Pro,30.00,20261001,0.0012,2,506,Low
3659,GH,ads,Team,80.00,20261001,0.0481,2,565,Low
3660,GB,ads,Team,80.00,20261001,0.0268,2,562,Low
3661,NG,referral,Pro,30.00,20261001,0.0019,1,129,Low
3662,NG,organic,Pro,30.00,20261001,0.0027,2,617,Low
3665,GH,organic,Pro,30.00,20261001,0.0044,2,310,Low
3668,NG,ads,Team,80.00,20261001,0.0116,0,520,Low
3672,US,organic,Team,80.00,20261001,0.0030,1,119,Low
3673,ZA,partner,Team,80.00,20261001,0.0044,2,145,Low
3674,KE,organic,Team,80.00,20261001,0.0047,2,624,Low
3675,GB,organic,Pro,30.00,20261001,0.0063,1,173,Low
3677,ZA,referral,Basic,10.00,20261001,0.0006,1,141,Low
3681,US,organic,Team,80.00,20261001,0.0054,2,386,Low
3682,GB,organic,Basic,10.00,20261001,0.0239,1,35,Low
3684,GH,ads,Basic,10.00,20261001,0.0049,0,156,Low
3686,GH,ads,Basic,10.00,20261001,0.0047,1,280,Low
3687,ZA,ads,Pro,30.00,20261001,0.0149,0,55,Low
3691,GB,ads,Team,80.00,20261001,0.0242,2,130,Low
3692,GB,organic,Team,80.00,20261001,0.0034,0,351,Low
3694,NG,referral,Basic,10.00,20261001,0.0058,1,139,Low
3696,GH,organic,Pro,30.00,20261001,0.0923,2,265,Medium
3699,NG,organic,Basic,10.00,20261001,0.0226,1,79,Low
3700,KE,ads,Pro,30.00,20261001,0.0893,2,409,Medium
3705,NG,ads,Pro,30.00,20261001,0.0006,2,282,Low
3706,US,referral,Basic,10.00,20261001,0.0008,2,453,Low
3708,GH,ads,Team,80.00,20261001,0.0103,1,30,Low
3709,NG,referral,Pro,30.00,20261001,0.0007,2,472,Low
3710,US,referral,Basic,10.00,20261001,0.0010,2,443,Low
3711,US,organic,Pro,30.00,20261001,0.0066,0,317,Low
3712,GH,organic,Basic,10.00,20261001,0.0034,2,363,Low
3716,US,partner,Pro,30.00,20261001,0.0040,2,184,Low
3717,ZA,organic,Team,80.00,20261001,0.0047,0,270,Low
3719,KE,ads,Pro,30.00,20261001,0.0042,2,569,Low
3720,GH,organic,Pro,30.00,20261001,0.0998,2,238,Medium
3723,GB,referral,Pro,30.00,20261001,0.0039,1,71,Low
3726,GH,partner,Pro,30.00,20261001,0.0032,1,53,Low
3728,GH,organic,Basic,10.00,20261001,0.0233,2,436,Low
3729,ZA,partner,Team,80.00,20261001,0.0018,2,619,Low
3730,ZA,referral,Basic,10.00,20261001,0.0015,2,356,Low
3731,ZA,organic,Basic,10.00,20261001,0.0109,0,287,Low
3732,GH,partner,Pro,30.00,20261001,0.0071,2,336,Low
3733,KE,organic,Pro,30.00,20261001,0.0090,1,98,Low
3734,KE,ads,Basic,10.00,20261001,0.1926,2,391,Medium
3735,US,organic,Pro,30.00,20261001,0.0108,1,135,Low
3742,GB,organic,Team,80.00,20261001,0.0028,1,64,Low
3743,GB,organic,Basic,10.00,20261001,0.0048,0,313,Low
3744,ZA,ads,Pro,30.00,20261001,0.0009,2,305,Low
3745,NG,organic,Pro,30.00,20261001,0.0005,2,254,Low
3746,GB,organic,Team,80.00,20261001,0.0071,1,42,Low
3748,US,organic,Basic,10.00,20261001,0.0049,2,526,Low
3749,ZA,ads,Team,80.00,20261001,0.0009,2,163,Low
3750,GB,ads,Basic,10.00,20261001,0.3205,0,488,High
3752,US,organic,Team,80.00,20261001,0.0008,2,216,Low
3755,ZA,organic,Basic,10.00,20261001,0.0005,2,458,Low
3757,KE,referral,Basic,10.00,20261001,0.0038,1,33,Low
3760,US,ads,Team,80.00,20261001,0.0066,2,348,Low
3761,GH,organic,Team,80.00,20261001,0.0072,0,482,Low
3762,KE,ads,Basic,10.00,20261001,0.0126,1,69,Low
3764,KE,organic,Basic,10.00,20261001,0.1217,0,375,Medium
3768,NG,organic,Basic,10.00,20261001,0.0304,0,180,Low
3769,KE,organic,Basic,10.00,20261001,0.0005,2,278,Low
3772,NG,organic,Pro,30.00,20261001,0.0274,1,90,Low
3777,GH,referral,Basic,10.00,20261001,0.0007,2,279,Low
3779,ZA,organic,Basic,10.00,20261001,0.0035,2,435,Low
3780,GB,ads,Pro,30.00,20261001,0.0076,2,519,Low
3782,ZA,ads,Basic,10.00,20261001,0.4480,1,53,High
3785,KE,ads,Basic,10.00,20261001,0.0006,2,382,Low
3786,ZA,organic,Pro,30.00,20261001,0.0009,2,294,Low
3788,NG,organic,Pro,30.00,20261001,0.0007,1,127,Low
3789,KE,ads,Team,80.00,20261001,0.0124,2,678,Low
3791,KE,referral,Pro,30.00,20261001,0.0011,1,81,Low
3793,GB,ads,Basic,10.00,20261001,0.0121,0,227,Low
3795,NG,ads,Pro,30.00,20261001,0.0017,1,170,Low
3796,NG,partner,Pro,30.00,20261001,0.0014,2,232,Low
3797,GB,organic,Team,80.00,20261001,0.0073,1,43,Low
3798,GH,ads,Basic,10.00,20261001,0.0220,2,319,Low
3799,ZA,ads,Pro,30.00,20261001,0.1305,1,80,Medium
3802,GB,organic,Pro,30.00,20261001,0.0033,2,491,Low
3803,GH,partner,Basic,10.00,20261001,0.2143,0,175,Medium
3804,ZA,ads,Basic,10.00,20261001,0.0069,1,151,Low
3807,US,ads,Basic,10.00,20261001,0.0049,2,353,Low
3809,NG,organic,Pro,30.00,20261001,0.0253,2,390,Low
3811,GH,organic,Pro,30.00,20261001,0.0043,0,391,Low
3814,NG,partner,Pro,30.00,20261001,0.0044,2,503,Low
3815,GH,organic,Pro,30.00,20261001,0.0202,0,621,Low
3819,KE,ads,Team,80.00,20261001,0.0026,2,378,Low
3820,US,partner,Team,80.00,20261001,0.0007,2,395,Low
3821,ZA,organic,Pro,30.00,20261001,0.0006,2,231,Low
3824,GB,organic,Pro,30.00,20261001,0.0118,2,311,Low
3825,NG,organic,Team,80.00,20261001,0.0070,2,196,Low
3826,NG,ads,Pro,30.00,20261001,0.0116,1,54,Low
3827,KE,organic,Team,80.00,20261001,0.0647,0,276,Low
3828,ZA,partner,Pro,30.00,20261001,0.0023,1,63,Low
3829,NG,organic,Basic,10.00,20261001,0.0053,1,186,Low
3830,KE,ads,Team,80.00,20261001,0.0019,0,105,Low
3831,GH,ads,Pro,30.00,20261001,0.0065,2,328,Low
3834,KE,organic,Basic,10.00,20261001,0.1221,1,168,Medium
3836,NG,referral,Basic,10.00,20261001,0.0048,2,663,Low
3839,GH,partner,Pro,30.00,20261001,0.0561,2,480,Low
3841,KE,partner,Team,80.00,20261001,0.0114,2,587,Low
3843,NG,organic,Basic,10.00,20261001,0.0032,2,457,Low
3844,ZA,organic,Pro,30.00,20261001,0.0051,2,512,Low
3848,KE,ads,Team,80.00,20261001,0.0052,1,50,Low
3851,KE,ads,Basic,10.00,20261001,0.0049,1,257,Low
3852,GH,organic,Pro,30.00,20261001,0.0010,2,208,Low
3853,ZA,organic,Pro,30.00,20261001,0.0005,1,157,Low
3854,KE,ads,Pro,30.00,20261001,0.0972,1,165,Medium
3856,US,partner,Pro,30.00,20261001,0.0042,2,193,Low
3858,GH,organic,Basic,10.00,20261001,0.0011,1,54,Low
3860,GH,organic,Basic,10.00,20261001,0.0032,2,672,Low
3861,NG,referral,Pro,30.00,20261001,0.0007,2,564,Low
3863,NG,ads,Pro,30.00,20261001,0.0428,0,475,Low
3866,NG,referral,Pro,30.00,20261001,0.0068,2,498,Low
3868,GB,partner,Basic,10.00,20261001,0.1055,0,64,Medium
3869,KE,organic,Basic,10.00,20261001,0.0005,2,355,Low
3870,GB,partner,Basic,10.00,20261001,0.0074,2,369,Low
3871,KE,partner,Basic,10.00,20261001,0.0220,1,36,Low
3873,GB,ads,Pro,30.00,20261001,0.1302,0,86,Medium
3875,GH,organic,Pro,30.00,20261001,0.0024,2,256,Low
3877,KE,ads,Pro,30.00,20261001,0.1301,2,340,Medium
3879,KE,referral,Team,80.00,20261001,0.0019,2,343,Low
3880,KE,ads,Team,80.00,20261001,0.0022,2,256,Low
3881,US,referral,Pro,30.00,20261001,0.0011,2,470,Low
3883,US,referral,Pro,30.00,20261001,0.0007,1,145,Low
3884,NG,referral,Pro,30.00,20261001,0.0040,2,397,Low
3885,GH,referral,Pro,30.00,20261001,0.0031,1,93,Low
3887,GH,ads,Basic,10.00,20261001,0.1680,1,109,Medium
3889,US,referral,Team,80.00,20261001,0.0018,2,477,Low
3890,GH,referral,Pro,30.00,20261001,0.0028,1,122,Low
3891,GH,partner,Basic,10.00,20261001,0.0052,2,514,Low
3892,ZA,organic,Basic,10.00,20261001,0.0008,2,614,Low
3894,KE,organic,Team,80.00,20261001,0.0039,2,581,Low
3895,ZA,organic,Pro,30.00,20261001,0.0062,1,104,Low
3896,NG,referral,Basic,10.00,20261001,0.0091,1,204,Low
3898,US,organic,Basic,10.00,20261001,0.0033,1,280,Low
3899,GH,ads,Pro,30.00,20261001,0.1329,1,141,Medium
3900,KE,organic,Team,80.00,20261001,0.0023,2,123,Low
3901,ZA,partner,Team,80.00,20261001,0.0011,2,229,Low
3902,NG,organic,Basic,10.00,20261001,0.0077,1,154,Low
3904,NG,partner,Team,80.00,20261001,0.0011,2,248,Low
3905,NG,organic,Team,80.00,20261001,0.0006,2,309,Low
3909,NG,organic,Basic,10.00,20261001,0.0004,1,119,Low
3910,NG,organic,Basic,10.00,20261001,0.0048,1,217,Low
3911,GH,referral,Team,80.00,20261001,0.0006,1,108,Low
3912,ZA,organic,Basic,10.00,20261001,0.0033,1,228,Low
3913,GB,organic,Team,80.00,20261001,0.0211,0,62,Low
3914,ZA,referral,Team,80.00,20261001,0.0007,1,48,Low
3916,GB,ads,Pro,30.00,20261001,0.0052,2,592,Low
3917,KE,organic,Basic,10.00,20261001,0.0012,2,594,Low
3918,KE,organic,Basic,10.00,20261001,0.0006,2,436,Low
3921,NG,ads,Basic,10.00,20261001,0.0149,1,60,Low
3924,US,organic,Basic,10.00,20261001,0.0065,0,279,Low
3925,NG,organic,Pro,30.00,20261001,0.0046,2,346,Low
3927,NG,organic,Team,80.00,20261001,0.0088,0,265,Low
3928,NG,organic,Basic,10.00,20261001,0.0081,1,60,Low
3929,GH,referral,Pro,30.00,20261001,0.0038,2,456,Low
3933,NG,organic,Pro,30.00,20261001,0.0054,2,487,Low
3938,ZA,organic,Pro,30.00,20261001,0.0030,2,385,Low
3941,ZA,partner,Pro,30.00,20261001,0.0833,1,128,Medium
3942,US,ads,Pro,30.00,20261001,0.0040,0,237,Low
3944,KE,partner,Basic,10.00,20261001,0.0084,2,343,Low
3947,US,referral,Basic,10.00,20261001,0.0034,1,245,Low
3948,KE,organic,Pro,30.00,20261001,0.0993,0,705,Medium
3949,GB,ads,Team,80.00,20261001,0.0018,1,60,Low
3951,GH,organic,Pro,30.00,20261001,0.0110,1,141,Low
3952,NG,referral,Pro,30.00,20261001,0.0187,2,186,Low
3955,US,organic,Basic,10.00,20261001,0.0105,1,249,Low
3957,GB,ads,Basic,10.00,20261001,0.0064,1,133,Low
3959,KE,referral,Pro,30.00,20261001,0.0011,2,503,Low
3960,GH,referral,Team,80.00,20261001,0.0045,2,704,Low
3961,KE,organic,Basic,10.00,20261001,0.0034,2,681,Low
3963,NG,referral,Pro,30.00,20261001,0.0082,2,206,Low
3964,US,organic,Team,80.00,20261001,0.0016,2,549,Low
3966,ZA,organic,Team,80.00,20261001,0.0059,2,263,Low
3968,ZA,organic,Team,80.00,20261001,0.0012,2,258,Low
3971,NG,organic,Basic,10.00,20261001,0.0004,1,224,Low
3972,GH,organic,Pro,30.00,20261001,0.0009,2,213,Low
3974,GB,organic,Team,80.00,20261001,0.0021,2,544,Low
3976,US,referral,Pro,30.00,20261001,0.0006,2,407,Low
3982,GH,ads,Team,80.00,20261001,0.0063,2,458,Low
3983,ZA,organic,Basic,10.00,20261001,0.0240,2,645,Low
3985,US,partner,Basic,10.00,20261001,0.0087,1,227,Low
3987,NG,organic,Team,80.00,20261001,0.1033,2,190,Medium
3988,ZA,organic,Pro,30.00,20261001,0.0038,2,484,Low
3989,ZA,organic,Team,80.00,20261001,0.0025,2,194,Low
3992,ZA,ads,Team,80.00,20261001,0.0026,1,67,Low
3993,GH,referral,Basic,10.00,20261001,0.0072,1,183,Low
3994,ZA,ads,Pro,30.00,20261001,0.1826,1,65,Medium
3996,KE,referral,Pro,30.00,20261001,0.0037,2,500,Low
3997,KE,ads,Team,80.00,20261001,0.0063,1,42,Low
3998,KE,ads,Pro,30.00,20261001,0.0026,2,558,Low
3999,US,ads,Pro,30.00,20261001,0.5133,0,55,High
4000,GB,referral,Basic,10.00,20261001,0.0599,1,55,Low
4002,KE,organic,Team,80.00,20261001,0.0073,2,167,Low
4004,KE,referral,Pro,30.00,20261001,0.0253,0,509,Low
4009,NG,referral,Pro,30.00,20261001,0.0816,1,121,Medium
4010,KE,organic,Pro,30.00,20261001,0.0926,2,258,Medium
4011,GH,organic,Team,80.00,20261001,0.0041,0,124,Low
4012,ZA,ads,Basic,10.00,20261001,0.0341,0,356,Low
4014,KE,ads,Team,80.00,20261001,0.0024,2,190,Low
4022,GB,organic,Team,80.00,20261001,0.0076,1,33,Low
4023,US,referral,Basic,10.00,20261001,0.0008,1,136,Low
4029,NG,ads,Pro,30.00,20261001,0.0030,2,212,Low
4032,GH,referral,Team,80.00,20261001,0.0083,2,434,Low
4033,GB,referral,Pro,30.00,20261001,0.0123,1,38,Low
4034,NG,organic,Basic,10.00,20261001,0.0005,1,157,Low
4035,US,organic,Team,80.00,20261001,0.0008,2,257,Low
4036,GH,referral,Pro,30.00,20261001,0.0107,1,123,Low
4037,GH,ads,Basic,10.00,20261001,0.0219,1,140,Low
4039,ZA,organic,Basic,10.00,20261001,0.0006,1,80,Low
4040,ZA,ads,Basic,10.00,20261001,0.0025,1,215,Low
4043,US,ads,Pro,30.00,20261001,0.0077,0,351,Low
4047,ZA,referral,Pro,30.00,20261001,0.0066,1,155,Low
4048,KE,organic,Team,80.00,20261001,0.0009,1,112,Low
4049,US,referral,Basic,10.00,20261001,0.0058,1,172,Low
4050,KE,partner,Pro,30.00,20261001,0.0032,2,416,Low
4053,GB,organic,Pro,30.00,20261001,0.0063,2,366,Low
4055,KE,partner,Team,80.00,20261001,0.0119,0,167,Low
4056,GH,organic,Basic,10.00,20261001,0.0009,2,331,Low
4059,US,ads,Pro,30.00,20261001,0.0037,2,283,Low
4061,GH,referral,Pro,30.00,20261001,0.0116,2,371,Low
4063,GH,referral,Basic,10.00,20261001,0.0091,2,436,Low
4064,KE,partner,Basic,10.00,20261001,0.0005,2,491,Low
4065,GB,ads,Basic,10.00,20261001,0.2585,2,650,High
4066,ZA,referral,Basic,10.00,20261001,0.1864,1,150,Medium
4072,ZA,ads,Team,80.00,20261001,0.0034,2,143,Low
4074,ZA,organic,Pro,30.00,20261001,0.0433,0,597,Low
4078,ZA,referral,Team,80.00,20261001,0.0006,1,69,Low
4080,US,organic,Basic,10.00,20261001,0.0007,2,582,Low
4081,US,organic,Pro,30.00,20261001,0.0172,2,392,Low
4082,KE,organic,Basic,10.00,20261001,0.0119,2,298,Low
4083,GH,organic,Pro,30.00,20261001,0.0074,2,446,Low
4086,ZA,organic,Basic,10.00,20261001,0.0007,1,117,Low
4087,KE,organic,Pro,30.00,20261001,0.0134,2,325,Low
4091,NG,organic,Pro,30.00,20261001,0.0093,2,238,Low
4094,GB,referral,Basic,10.00,20261001,0.0045,1,234,Low
4098,GB,referral,Basic,10.00,20261001,0.0009,1,193,Low
4102,GH,referral,Basic,10.00,20261001,0.0007,1,237,Low
4103,KE,organic,Basic,10.00,20261001,0.0424,0,445,Low
4105,GB,organic,Basic,10.00,20261001,0.0049,0,448,Low
4107,GB,ads,Pro,30.00,20261001,0.0009,1,169,Low
4108,GB,ads,Pro,30.00,20261001,0.0006,2,664,Low
4109,ZA,ads,Basic,10.00,20261001,0.3215,2,434,High
4112,NG,partner,Pro,30.00,20261001,0.0045,2,372,Low
4114,KE,organic,Pro,30.00,20261001,0.0009,1,136,Low
4115,NG,referral,Basic,10.00,20261001,0.0099,1,254,Low
4116,KE,organic,Pro,30.00,20261001,0.0048,2,316,Low
4118,NG,ads,Pro,30.00,20261001,0.0145,1,126,Low
4119,KE,referral,Pro,30.00,20261001,0.0915,2,501,Medium
4122,ZA,organic,Pro,30.00,20261001,0.0006,2,190,Low
4125,GH,organic,Basic,10.00,20261001,0.0045,2,568,Low
4128,GH,organic,Pro,30.00,20261001,0.0026,2,500,Low
4129,GH,referral,Basic,10.00,20261001,0.0112,2,718,Low
4131,GB,organic,Pro,30.00,20261001,0.0084,2,326,Low
4133,US,organic,Pro,30.00,20261001,0.0015,2,195,Low
4134,ZA,referral,Pro,30.00,20261001,0.1724,0,309,Medium
4138,US,organic,Basic,10.00,20261001,0.0087,1,263,Low
4139,GB,partner,Basic,10.00,20261001,0.0018,2,280,Low
4140,GB,organic,Basic,10.00,20261001,0.0080,0,143,Low
4141,NG,partner,Basic,10.00,20261001,0.0070,1,234,Low
4142,US,referral,Basic,10.00,20261001,0.0184,0,116,Low
4143,KE,organic,Pro,30.00,20261001,0.0092,0,511,Low
4146,ZA,partner,Team,80.00,20261001,0.0046,2,642,Low
4147,US,organic,Basic,10.00,20261001,0.0008,2,707,Low
4148,GB,partner,Pro,30.00,20261001,0.0013,1,45,Low
4150,KE,organic,Basic,10.00,20261001,0.0038,2,309,Low
4153,ZA,organic,Pro,30.00,20261001,0.0075,0,473,Low
4154,GB,organic,Pro,30.00,20261001,0.0102,2,204,Low
4155,KE,ads,Pro,30.00,20261001,0.0019,2,217,Low
4156,US,ads,Team,80.00,20261001,0.0059,2,145,Low
4158,KE,ads,Basic,10.00,20261001,0.0040,1,220,Low
4159,ZA,organic,Basic,10.00,20261001,0.0017,1,90,Low
4160,NG,partner,Basic,10.00,20261001,0.1375,1,126,Medium
4162,ZA,organic,Basic,10.00,20261001,0.0206,1,35,Low
4167,NG,referral,Pro,30.00,20261001,0.0006,2,576,Low
4169,GH,referral,Pro,30.00,20261001,0.0237,2,532,Low
4170,ZA,referral,Team,80.00,20261001,0.0039,2,163,Low
4172,ZA,organic,Pro,30.00,20261001,0.0053,1,128,Low
4173,ZA,organic,Pro,30.00,20261001,0.0075,2,334,Low
4174,GB,organic,Team,80.00,20261001,0.0170,2,366,Low
4175,US,referral,Pro,30.00,20261001,0.0047,0,301,Low
4176,GB,organic,Basic,10.00,20261001,0.0114,2,457,Low
4178,US,organic,Pro,30.00,20261001,0.0089,0,109,Low
4179,ZA,partner,Pro,30.00,20261001,0.0051,0,269,Low
4180,ZA,organic,Basic,10.00,20261001,0.0005,1,88,Low
4183,GB,ads,Pro,30.00,20261001,0.0037,2,337,Low
4186,GH,organic,Team,80.00,20261001,0.0057,2,319,Low
4187,ZA,referral,Pro,30.00,20261001,0.0013,2,270,Low
4189,NG,partner,Team,80.00,20261001,0.0043,0,302,Low
4191,NG,referral,Pro,30.00,20261001,0.0026,2,592,Low
4197,KE,organic,Pro,30.00,20261001,0.0035,0,159,Low
4198,KE,ads,Basic,10.00,20261001,0.0008,1,160,Low
4200,GB,organic,Basic,10.00,20261001,0.0003,1,111,Low
4201,GH,partner,Team,80.00,20261001,0.0033,2,324,Low
4204,KE,organic,Pro,30.00,20261001,0.0007,2,252,Low
4205,NG,ads,Team,80.00,20261001,0.0021,2,368,Low
4206,US,ads,Basic,10.00,20261001,0.0924,2,324,Medium
4207,KE,organic,Team,80.00,20261001,0.0105,0,114,Low
4211,US,organic,Pro,30.00,20261001,0.0021,1,32,Low
4215,US,organic,Basic,10.00,20261001,0.0026,2,451,Low
4216,GH,referral,Team,80.00,20261001,0.0047,2,650,Low
4217,GB,ads,Pro,30.00,20261001,0.0085,2,399,Low
4218,NG,ads,Pro,30.00,20261001,0.0226,1,91,Low
4219,KE,ads,Basic,10.00,20261001,0.0195,1,30,Low
4220,KE,referral,Basic,10.00,20261001,0.0014,2,559,Low
4222,GB,organic,Basic,10.00,20261001,0.0010,1,186,Low
4223,NG,ads,Team,80.00,20261001,0.0098,0,700,Low
4224,GB,organic,Basic,10.00,20261001,0.0064,0,244,Low
4225,KE,organic,Team,80.00,20261001,0.0047,1,55,Low
4227,ZA,ads,Basic,10.00,20261001,0.0158,0,233,Low
4228,GH,partner,Basic,10.00,20261001,0.1113,1,260,Medium
4229,NG,ads,Team,80.00,20261001,0.1838,2,491,Medium
4230,ZA,organic,Team,80.00,20261001,0.0004,2,255,Low
4231,GB,organic,Pro,30.00,20261001,0.0014,1,96,Low
4232,GH,partner,Basic,10.00,20261001,0.0073,1,48,Low
4233,KE,ads,Team,80.00,20261001,0.0026,2,195,Low
4236,KE,ads,Pro,30.00,20261001,0.0135,2,637,Low
4237,ZA,referral,Team,80.00,20261001,0.0029,2,184,Low
4238,NG,partner,Basic,10.00,20261001,0.1969,2,387,Medium
4239,GB,referral,Basic,10.00,20261001,0.0007,2,611,Low
4240,ZA,organic,Basic,10.00,20261001,0.0049,2,404,Low
4243,NG,referral,Basic,10.00,20261001,0.1466,1,186,Medium
4244,KE,organic,Pro,30.00,20261001,0.0022,1,31,Low
4246,KE,referral,Basic,10.00,20261001,0.0066,2,443,Low
4247,GH,referral,Pro,30.00,20261001,0.0063,1,162,Low
4249,GH,organic,Pro,30.00,20261001,0.0010,2,254,Low
4250,KE,partner,Basic,10.00,20261001,0.0056,1,282,Low
4254,NG,partner,Pro,30.00,20261001,0.0028,2,183,Low
4255,KE,ads,Basic,10.00,20261001,0.2526,2,570,High
4256,KE,organic,Pro,30.00,20261001,0.0061,1,50,Low
4258,ZA,referral,Team,80.00,20261001,0.0965,2,629,Medium
4260,US,ads,Basic,10.00,20261001,0.0123,0,80,Low
4263,GB,ads,Basic,10.00,20261001,0.1118,2,384,Medium
4267,KE,organic,Team,80.00,20261001,0.0016,2,252,Low
4268,GH,referral,Basic,10.00,20261001,0.0008,1,159,Low
4272,GB,organic,Team,80.00,20261001,0.0007,2,644,Low
4273,ZA,organic,Team,80.00,20261001,0.0037,2,589,Low
4274,GH,referral,Basic,10.00,20261001,0.0043,1,220,Low
4276,GH,organic,Team,80.00,20261001,0.0096,2,301,Low
4278,NG,organic,Team,80.00,20261001,0.0019,2,648,Low
4282,GH,organic,Pro,30.00,20261001,0.0036,2,428,Low
4287,KE,ads,Pro,30.00,20261001,0.0035,0,342,Low
4289,KE,organic,Basic,10.00,20261001,0.0228,2,351,Low
4291,GB,referral,Basic,10.00,20261001,0.0135,2,529,Low
4292,KE,organic,Basic,10.00,20261001,0.0037,1,85,Low
4294,ZA,ads,Basic,10.00,20261001,0.0019,1,48,Low
4296,GB,organic,Basic,10.00,20261001,0.0049,2,726,Low
4299,ZA,organic,Pro,30.00,20261001,0.0026,0,447,Low
4302,GB,partner,Pro,30.00,20261001,0.0024,2,709,Low
4305,US,ads,Basic,10.00,20261001,0.0017,1,197,Low
4307,NG,ads,Pro,30.00,20261001,0.0052,0,232,Low
4310,US,organic,Basic,10.00,20261001,0.0967,2,337,Medium
4312,GH,partner,Basic,10.00,20261001,0.0010,2,593,Low
4313,ZA,ads,Basic,10.00,20261001,0.0012,1,177,Low
4315,KE,partner,Pro,30.00,20261001,0.0086,0,79,Low
4316,GH,ads,Basic,10.00,20261001,0.0047,1,66,Low
4317,US,ads,Pro,30.00,20261001,0.0064,0,170,Low
4319,KE,organic,Basic,10.00,20261001,0.0005,1,148,Low
4320,KE,ads,Pro,30.00,20261001,0.0047,2,395,Low
4321,KE,organic,Pro,30.00,20261001,0.0031,2,521,Low
4323,GB,organic,Team,80.00,20261001,0.0008,2,262,Low
4324,KE,referral,Pro,30.00,20261001,0.0059,1,110,Low
4326,ZA,ads,Pro,30.00,20261001,0.0050,2,319,Low
4327,GH,partner,Basic,10.00,20261001,0.0010,1,236,Low
4329,NG,ads,Basic,10.00,20261001,0.0129,1,57,Low
4331,NG,organic,Basic,10.00,20261001,0.0029,1,224,Low
4332,ZA,referral,Pro,30.00,20261001,0.0059,1,111,Low
4333,US,referral,Basic,10.00,20261001,0.0006,1,93,Low
4334,GH,referral,Pro,30.00,20261001,0.0050,2,319,Low
4336,GB,ads,Pro,30.00,20261001,0.1934,2,205,Medium
4337,NG,organic,Team,80.00,20261001,0.0244,2,260,Low
4342,US,organic,Pro,30.00,20261001,0.0066,2,243,Low
4343,GB,organic,Pro,30.00,20261001,0.0115,2,283,Low
4345,ZA,ads,Basic,10.00,20261001,0.0073,1,60,Low
4348,KE,referral,Basic,10.00,20261001,0.0190,1,123,Low
4350,GH,organic,Team,80.00,20261001,0.0008,2,185,Low
4351,ZA,organic,Basic,10.00,20261001,0.0390,2,723,Low
4355,GH,ads,Basic,10.00,20261001,0.0028,1,44,Low
4356,US,ads,Basic,10.00,20261001,0.0208,1,148,Low
4359,GB,ads,Pro,30.00,20261001,0.0937,0,407,Medium
4361,ZA,referral,Pro,30.00,20261001,0.0058,0,635,Low
4363,ZA,organic,Basic,10.00,20261001,0.0147,1,149,Low
4364,ZA,organic,Pro,30.00,20261001,0.0012,2,458,Low
4369,KE,organic,Basic,10.00,20261001,0.0028,2,605,Low
4371,US,referral,Basic,10.00,20261001,0.0042,0,178,Low
4372,KE,organic,Basic,10.00,20261001,0.0092,1,280,Low
4374,GH,organic,Basic,10.00,20261001,0.0059,0,553,Low
4375,NG,organic,Pro,30.00,20261001,0.0020,2,358,Low
4376,US,ads,Pro,30.00,20261001,0.0102,2,215,Low
4380,GH,ads,Basic,10.00,20261001,0.4496,0,592,High
4381,NG,organic,Pro,30.00,20261001,0.0037,2,506,Low
4382,GB,organic,Team,80.00,20261001,0.0069,0,565,Low
4385,GH,partner,Pro,30.00,20261001,0.0030,2,409,Low
4386,KE,ads,Team,80.00,20261001,0.0032,2,290,Low
4388,ZA,referral,Basic,10.00,20261001,0.0153,2,356,Low
4391,ZA,ads,Pro,30.00,20261001,0.0728,2,508,Low
4393,GB,ads,Team,80.00,20261001,0.0044,0,141,Low
4396,NG,organic,Basic,10.00,20261001,0.0350,1,140,Low
4397,NG,referral,Pro,30.00,20261001,0.0022,1,68,Low
4399,GB,organic,Basic,10.00,20261001,0.0080,0,697,Low
4400,KE,organic,Pro,30.00,20261001,0.0188,0,39,Low
4402,GH,partner,Basic,10.00,20261001,0.0019,1,63,Low
4404,GH,ads,Team,80.00,20261001,0.0157,2,428,Low
4412,ZA,ads,Team,80.00,20261001,0.0069,2,499,Low
4414,NG,referral,Basic,10.00,20261001,0.0159,1,258,Low
4415,GH,organic,Pro,30.00,20261001,0.0008,2,371,Low
4416,ZA,organic,Pro,30.00,20261001,0.0049,2,459,Low
4417,NG,partner,Basic,10.00,20261001,0.0113,1,262,Low
4419,GH,referral,Team,80.00,20261001,0.0006,2,435,Low
4420,GB,referral,Pro,30.00,20261001,0.0021,2,657,Low
4421,ZA,referral,Team,80.00,20261001,0.0162,2,401,Low
4422,US,organic,Pro,30.00,20261001,0.0089,1,47,Low
4424,KE,referral,Pro,30.00,20261001,0.0007,2,200,Low
4426,US,referral,Pro,30.00,20261001,0.2399,0,517,Medium
4428,GB,organic,Basic,10.00,20261001,0.0013,2,305,Low
4429,US,ads,Basic,10.00,20261001,0.0828,1,288,Medium
4430,NG,ads,Pro,30.00,20261001,0.0124,0,277,Low
4431,ZA,organic,Pro,30.00,20261001,0.0054,1,87,Low
4433,NG,organic,Basic,10.00,20261001,0.0006,2,656,Low
4437,GB,organic,Team,80.00,20261001,0.0030,2,724,Low
4438,ZA,referral,Basic,10.00,20261001,0.0263,0,60,Low
4439,GH,ads,Pro,30.00,20261001,0.0005,2,190,Low
4441,ZA,organic,Pro,30.00,20261001,0.0050,0,138,Low
4442,US,organic,Basic,10.00,20261001,0.0010,1,58,Low
4444,GH,organic,Basic,10.00,20261001,0.0559,0,434,Low
4445,GH,partner,Basic,10.00,20261001,0.6142,2,321,High
4447,GH,ads,Basic,10.00,20261001,0.1025,1,214,Medium
4448,US,organic,Team,80.00,20261001,0.0040,2,662,Low
4449,KE,organic,Basic,10.00,20261001,0.0007,1,75,Low
4454,GH,ads,Pro,30.00,20261001,0.0053,2,399,Low
4456,GB,organic,Basic,10.00,20261001,0.0050,2,606,Low
4457,GH,ads,Pro,30.00,20261001,0.0038,2,435,Low
4458,US,organic,Basic,10.00,20261001,0.6503,1,82,High
4459,NG,organic,Basic,10.00,20261001,0.1655,2,354,Medium
4460,GH,partner,Basic,10.00,20261001,0.0248,1,36,Low
4461,US,partner,Basic,10.00,20261001,0.0097,2,300,Low
4462,KE,partner,Pro,30.00,20261001,0.0018,2,691,Low
4463,ZA,ads,Basic,10.00,20261001,0.0063,0,628,Low
4464,ZA,referral,Pro,30.00,20261001,0.0009,2,334,Low
4465,ZA,ads,Pro,30.00,20261001,0.0123,2,240,Low
4467,NG,organic,Team,80.00,20261001,0.1935,0,185,Medium
4468,US,organic,Pro,30.00,20261001,0.0008,2,543,Low
4471,GB,partner,Pro,30.00,20261001,0.0030,1,97,Low
4472,GH,partner,Pro,30.00,20261001,0.0065,1,47,Low
4473,NG,organic,Team,80.00,20261001,0.0008,2,124,Low
4475,GH,ads,Team,80.00,20261001,0.0090,2,504,Low
4477,GB,ads,Basic,10.00,20261001,0.0460,1,57,Low
4480,US,referral,Team,80.00,20261001,0.0007,2,155,Low
4483,ZA,partner,Team,80.00,20261001,0.0042,2,356,Low
4484,ZA,organic,Pro,30.00,20261001,0.1264,1,76,Medium
4486,KE,ads,Team,80.00,20261001,0.0040,0,187,Low
4487,GH,ads,Basic,10.00,20261001,0.0021,1,257,Low
4488,ZA,organic,Basic,10.00,20261001,0.0063,1,51,Low
4490,NG,ads,Basic,10.00,20261001,0.0255,1,39,Low
4491,GH,referral,Basic,10.00,20261001,0.5702,0,409,High
4492,KE,referral,Basic,10.00,20261001,0.0106,1,139,Low
4493,GB,referral,Basic,10.00,20261001,0.0040,2,720,Low
4494,KE,organic,Team,80.00,20261001,0.0095,2,121,Low
4495,GB,partner,Basic,10.00,20261001,0.0088,2,314,Low
4496,GB,partner,Team,80.00,20261001,0.0096,2,189,Low
4498,ZA,organic,Pro,30.00,20261001,0.0021,1,70,Low
4499,KE,organic,Basic,10.00,20261001,0.0008,1,200,Low
4503,GB,organic,Basic,10.00,20261001,0.0140,1,59,Low
4504,GH,referral,Basic,10.00,20261001,0.0018,2,530,Low
4505,US,organic,Pro,30.00,20261001,0.0031,1,151,Low
4506,KE,organic,Pro,30.00,20261001,0.0051,2,236,Low
4507,ZA,ads,Pro,30.00,20261001,0.0065,1,55,Low
4508,NG,organic,Pro,30.00,20261001,0.0116,2,255,Low
4511,GH,partner,Pro,30.00,20261001,0.0066,1,128,Low
4513,NG,ads,Pro,30.00,20261001,0.0068,0,587,Low
4514,US,ads,Pro,30.00,20261001,0.0075,2,268,Low
4515,KE,ads,Team,80.00,20261001,0.0059,0,338,Low
4516,GB,referral,Pro,30.00,20261001,0.0595,0,170,Low
4518,GB,organic,Pro,30.00,20261001,0.0036,1,102,Low
4519,US,organic,Basic,10.00,20261001,0.0057,2,600,Low
4520,GH,organic,Basic,10.00,20261001,0.4010,1,230,High
4524,KE,partner,Team,80.00,20261001,0.0025,0,85,Low
4525,ZA,referral,Basic,10.00,20261001,0.0010,2,408,Low
4527,US,partner,Pro,30.00,20261001,0.0086,0,212,Low
4528,ZA,partner,Basic,10.00,20261001,0.8404,2,650,High
4529,GB,organic,Basic,10.00,20261001,0.0189,2,339,Low
4530,GB,partner,Pro,30.00,20261001,0.1265,1,49,Medium
4531,KE,organic,Team,80.00,20261001,0.0201,0,363,Low
4532,ZA,organic,Basic,10.00,20261001,0.0014,0,418,Low
4533,GB,organic,Basic,10.00,20261001,0.0006,1,251,Low
4536,ZA,organic,Pro,30.00,20261001,0.0199,1,62,Low
4539,GH,organic,Team,80.00,20261001,0.0017,2,612,Low
4540,KE,organic,Pro,30.00,20261001,0.0033,2,633,Low
4541,US,organic,Pro,30.00,20261001,0.0014,1,128,Low
4544,NG,partner,Basic,10.00,20261001,0.0155,1,257,Low
4545,KE,organic,Basic,10.00,20261001,0.0038,2,305,Low
4546,GB,organic,Basic,10.00,20261001,0.0048,1,67,Low
4547,GH,referral,Basic,10.00,20261001,0.0017,2,651,Low
4548,ZA,organic,Pro,30.00,20261001,0.0103,1,95,Low
4550,ZA,referral,Basic,10.00,20261001,0.0337,1,94,Low
4551,US,partner,Pro,30.00,20261001,0.0005,2,218,Low
4553,GH,referral,Basic,10.00,20261001,0.1951,1,68,Medium
4555,ZA,organic,Team,80.00,20261001,0.0106,2,281,Low
4557,NG,organic,Pro,30.00,20261001,0.0027,2,483,Low
4558,GH,referral,Pro,30.00,20261001,0.0043,2,272,Low
4559,GB,organic,Basic,10.00,20261001,0.0093,1,84,Low
4560,US,partner,Pro,30.00,20261001,0.1046,1,167,Medium
4561,GH,ads,Team,80.00,20261001,0.0363,2,726,Low
4562,US,ads,Pro,30.00,20261001,0.0065,0,354,Low
4568,NG,referral,Basic,10.00,20261001,0.0009,1,94,Low
4569,GB,organic,Pro,30.00,20261001,0.0023,2,608,Low
4571,US,organic,Pro,30.00,20261001,0.0019,1,145,Low
4572,ZA,ads,Basic,10.00,20261001,0.1169,0,65,Medium
4574,GB,partner,Pro,30.00,20261001,0.0057,1,36,Low
4576,GH,ads,Pro,30.00,20261001,0.0064,2,336,Low
4579,GB,organic,Team,80.00,20261001,0.0032,2,464,Low
4580,GB,organic,Pro,30.00,20261001,0.0088,1,147,Low
4581,GB,referral,Basic,10.00,20261001,0.0036,2,662,Low
4582,US,organic,Pro,30.00,20261001,0.0031,0,445,Low
4583,KE,organic,Basic,10.00,20261001,0.0035,1,75,Low
4586,ZA,organic,Pro,30.00,20261001,0.1803,1,75,Medium
4588,GH,ads,Pro,30.00,20261001,0.0151,2,485,Low
4590,US,ads,Pro,30.00,20261001,0.5829,0,247,High
4591,KE,partner,Basic,10.00,20261001,0.0018,2,341,Low
4593,GB,organic,Team,80.00,20261001,0.0006,2,429,Low
4594,GB,referral,Pro,30.00,20261001,0.0071,2,626,Low
4595,GH,referral,Team,80.00,20261001,0.0035,2,451,Low
4596,GB,referral,Pro,30.00,20261001,0.0093,1,62,Low
4598,GB,referral,Pro,30.00,20261001,0.0005,2,203,Low
4599,KE,ads,Pro,30.00,20261001,0.0043,2,729,Low
4600,GB,ads,Team,80.00,20261001,0.1135,2,321,Medium
4601,GH,organic,Basic,10.00,20261001,0.0010,1,58,Low
4602,GB,organic,Pro,30.00,20261001,0.0168,2,249,Low
4604,NG,referral,Pro,30.00,20261001,0.0012,1,159,Low
4605,GB,ads,Pro,30.00,20261001,0.0088,1,94,Low
4607,GB,organic,Pro,30.00,20261001,0.0024,1,136,Low
4611,GH,referral,Basic,10.00,20261001,0.0009,2,337,Low
4613,NG,organic,Pro,30.00,20261001,0.0044,2,239,Low
4614,ZA,organic,Basic,10.00,20261001,0.0231,0,260,Low
4618,ZA,organic,Pro,30.00,20261001,0.0011,2,259,Low
4619,GB,organic,Pro,30.00,20261001,0.0012,2,697,Low
4622,GH,referral,Team,80.00,20261001,0.0026,2,497,Low
4625,GB,ads,Pro,30.00,20261001,0.1492,2,415,Medium
4629,GH,organic,Team,80.00,20261001,0.0222,2,128,Low
4630,NG,organic,Basic,10.00,20261001,0.1390,2,398,Medium
4632,US,ads,Pro,30.00,20261001,0.0041,1,171,Low
4635,NG,ads,Pro,30.00,20261001,0.1279,1,177,Medium
4636,NG,referral,Basic,10.00,20261001,0.0006,1,245,Low
4639,NG,referral,Pro,30.00,20261001,0.0070,1,160,Low
4641,GB,referral,Team,80.00,20261001,0.0030,2,129,Low
4643,KE,referral,Pro,30.00,20261001,0.0007,1,68,Low
4647,GH,organic,Pro,30.00,20261001,0.0007,1,75,Low
4650,GB,referral,Team,80.00,20261001,0.0039,2,411,Low
4651,GH,ads,Basic,10.00,20261001,0.0604,2,614,Low
4652,KE,organic,Basic,10.00,20261001,0.1368,1,37,Medium
4653,ZA,ads,Basic,10.00,20261001,0.0119,0,131,Low
4654,ZA,organic,Basic,10.00,20261001,0.1375,1,103,Medium
4656,US,referral,Pro,30.00,20261001,0.0054,2,573,Low
4657,KE,organic,Pro,30.00,20261001,0.0084,0,59,Low
4660,GB,ads,Team,80.00,20261001,0.4858,0,615,High
4663,GB,organic,Basic,10.00,20261001,0.0253,0,589,Low
4664,NG,organic,Team,80.00,20261001,0.0058,2,343,Low
4670,KE,organic,Basic,10.00,20261001,0.1789,1,95,Medium
4672,NG,referral,Pro,30.00,20261001,0.0053,0,399,Low
4673,GH,ads,Pro,30.00,20261001,0.0019,2,181,Low
4674,US,ads,Pro,30.00,20261001,0.0031,1,146,Low
4676,GB,referral,Basic,10.00,20261001,0.0079,0,615,Low
4678,KE,ads,Basic,10.00,20261001,0.0060,2,555,Low
4679,KE,organic,Pro,30.00,20261001,0.0065,2,218,Low
4683,GB,organic,Team,80.00,20261001,0.0037,2,336,Low
4685,GB,organic,Pro,30.00,20261001,0.0026,2,268,Low
4686,US,ads,Team,80.00,20261001,0.0223,2,634,Low
4688,US,organic,Basic,10.00,20261001,0.0008,1,55,Low
4689,ZA,organic,Team,80.00,20261001,0.0024,2,161,Low
4690,ZA,organic,Basic,10.00,20261001,0.0239,1,34,Low
4691,GB,ads,Team,80.00,20261001,0.0146,0,47,Low
4692,KE,ads,Pro,30.00,20261001,0.0154,2,651,Low
4693,GH,organic,Pro,30.00,20261001,0.0135,1,94,Low
4694,GB,referral,Team,80.00,20261001,0.0035,1,85,Low
4696,US,ads,Basic,10.00,20261001,0.0190,1,54,Low
4698,GH,organic,Basic,10.00,20261001,0.0180,0,473,Low
4703,ZA,organic,Basic,10.00,20261001,0.1575,2,580,Medium
4707,KE,organic,Team,80.00,20261001,0.0018,2,353,Low
4708,ZA,organic,Pro,30.00,20261001,0.0040,2,484,Low
4709,GB,ads,Basic,10.00,20261001,0.4576,0,178,High
4710,NG,organic,Pro,30.00,20261001,0.2356,2,317,Medium
4711,KE,referral,Basic,10.00,20261001,0.0042,1,87,Low
4715,KE,organic,Pro,30.00,20261001,0.0209,2,393,Low
4717,GH,ads,Team,80.00,20261001,0.0052,2,212,Low
4718,KE,organic,Pro,30.00,20261001,0.0052,2,374,Low
4720,GB,organic,Pro,30.00,20261001,0.0004,2,282,Low
4722,KE,organic,Team,80.00,20261001,0.0039,2,146,Low
4723,NG,referral,Basic,10.00,20261001,0.0249,0,79,Low
4724,US,referral,Pro,30.00,20261001,0.0033,0,105,Low
4727,US,ads,Pro,30.00,20261001,0.0034,2,635,Low
4728,US,organic,Team,80.00,20261001,0.0006,2,247,Low
4729,GB,ads,Basic,10.00,20261001,0.0041,2,717,Low
4730,KE,organic,Basic,10.00,20261001,0.0023,0,476,Low
4732,US,referral,Basic,10.00,20261001,0.0039,1,141,Low
4734,NG,partner,Pro,30.00,20261001,0.0019,2,649,Low
4735,KE,organic,Basic,10.00,20261001,0.0035,2,479,Low
4738,GB,ads,Team,80.00,20261001,0.0055,2,433,Low
4739,GB,referral,Basic,10.00,20261001,0.0044,1,30,Low
4741,ZA,ads,Basic,10.00,20261001,0.0061,2,439,Low
4742,US,partner,Team,80.00,20261001,0.0095,2,532,Low
4743,ZA,organic,Team,80.00,20261001,0.0006,2,147,Low
4744,NG,ads,Basic,10.00,20261001,0.0078,0,151,Low
4746,GB,organic,Basic,10.00,20261001,0.8381,0,675,High
4748,GH,organic,Pro,30.00,20261001,0.0171,2,384,Low
4750,US,referral,Basic,10.00,20261001,0.0103,2,558,Low
4752,ZA,ads,Basic,10.00,20261001,0.0359,0,233,Low
4753,ZA,ads,Pro,30.00,20261001,0.0042,1,127,Low
4755,KE,organic,Basic,10.00,20261001,0.0034,2,323,Low
4756,GH,organic,Basic,10.00,20261001,0.0008,1,64,Low
4758,US,referral,Basic,10.00,20261001,0.0124,0,138,Low
4762,NG,organic,Pro,30.00,20261001,0.1073,1,85,Medium
4763,GH,organic,Pro,30.00,20261001,0.0012,2,340,Low
4765,KE,organic,Basic,10.00,20261001,0.0012,1,145,Low
4768,US,organic,Basic,10.00,20261001,0.0310,2,486,Low
4770,ZA,ads,Pro,30.00,20261001,0.0067,2,476,Low
4775,NG,ads,Basic,10.00,20261001,0.0009,2,305,Low
4776,GB,organic,Basic,10.00,20261001,0.0029,2,401,Low
4777,GB,referral,Pro,30.00,20261001,0.0007,1,67,Low
4779,GH,ads,Basic,10.00,20261001,0.0017,1,260,Low
4782,NG,referral,Team,80.00,20261001,0.0021,2,316,Low
4783,KE,organic,Basic,10.00,20261001,0.0036,1,237,Low
4785,US,organic,Pro,30.00,20261001,0.0030,2,239,Low
4787,ZA,organic,Pro,30.00,20261001,0.0008,1,75,Low
4788,NG,organic,Basic,10.00,20261001,0.0006,2,710,Low
4789,NG,referral,Team,80.00,20261001,0.0023,1,77,Low
4791,KE,organic,Basic,10.00,20261001,0.0005,2,490,Low
4792,GH,referral,Basic,10.00,20261001,0.0025,1,34,Low
4793,ZA,organic,Team,80.00,20261001,0.0070,0,429,Low
4794,GB,referral,Team,80.00,20261001,0.0015,1,45,Low
4796,GH,organic,Team,80.00,20261001,0.0018,2,127,Low
4802,ZA,organic,Pro,30.00,20261001,0.0944,2,255,Medium
4803,GH,organic,Basic,10.00,20261001,0.0062,1,157,Low
4805,KE,referral,Pro,30.00,20261001,0.0052,1,135,Low
4806,KE,referral,Team,80.00,20261001,0.0137,2,363,Low
4809,NG,referral,Basic,10.00,20261001,0.0022,2,647,Low
4810,NG,referral,Pro,30.00,20261001,0.0035,0,360,Low
4813,US,referral,Basic,10.00,20261001,0.0046,1,100,Low
4814,KE,ads,Basic,10.00,20261001,0.0312,2,674,Low
4816,GH,referral,Basic,10.00,20261001,0.0045,2,727,Low
4818,US,ads,Basic,10.00,20261001,0.0017,2,543,Low
4820,GH,organic,Pro,30.00,20261001,0.0046,1,49,Low
4821,GH,organic,Pro,30.00,20261001,0.0036,2,492,Low
4823,NG,organic,Pro,30.00,20261001,0.0041,2,713,Low
4824,GH,partner,Team,80.00,20261001,0.0343,2,455,Low
4825,GH,organic,Pro,30.00,20261001,0.0028,2,370,Low
4827,US,ads,Pro,30.00,20261001,0.0006,2,256,Low
4828,ZA,organic,Pro,30.00,20261001,0.0031,2,562,Low
4830,GB,referral,Basic,10.00,20261001,0.0006,1,95,Low
4831,GB,ads,Basic,10.00,20261001,0.0047,0,153,Low
4837,GB,ads,Basic,10.00,20261001,0.0730,2,428,Low
4838,NG,organic,Team,80.00,20261001,0.0065,2,160,Low
4840,ZA,organic,Basic,10.00,20261001,0.0049,1,78,Low
4842,ZA,ads,Basic,10.00,20261001,0.9546,0,251,High
4843,KE,ads,Basic,10.00,20261001,0.0059,1,66,Low
4844,KE,organic,Pro,30.00,20261001,0.1766,0,313,Medium
4848,GH,referral,Pro,30.00,20261001,0.0006,2,264,Low
4851,US,organic,Basic,10.00,20261001,0.0050,2,657,Low
4852,KE,ads,Pro,30.00,20261001,0.0038,0,265,Low
4858,NG,organic,Basic,10.00,20261001,0.0050,1,144,Low
4861,US,ads,Pro,30.00,20261001,0.0782,2,441,Low
4862,GH,organic,Basic,10.00,20261001,0.0038,1,33,Low
4863,NG,organic,Basic,10.00,20261001,0.0460,0,109,Low
4865,ZA,referral,Basic,10.00,20261001,0.0173,0,224,Low
4866,GH,organic,Team,80.00,20261001,0.0007,2,467,Low
4869,NG,referral,Team,80.00,20261001,0.0022,1,114,Low
4871,GB,organic,Basic,10.00,20261001,0.0209,2,514,Low
4872,KE,ads,Pro,30.00,20261001,0.0046,2,285,Low
4874,NG,organic,Pro,30.00,20261001,0.0120,1,38,Low
4875,US,partner,Basic,10.00,20261001,0.0096,0,142,Low
4876,GB,organic,Basic,10.00,20261001,0.0015,1,121,Low
4877,KE,organic,Basic,10.00,20261001,0.1197,1,63,Medium
4879,GB,organic,Pro,30.00,20261001,0.1183,1,86,Medium
4880,US,ads,Pro,30.00,20261001,0.0072,1,31,Low
4881,ZA,organic,Basic,10.00,20261001,0.0042,2,276,Low
4882,US,organic,Team,80.00,20261001,0.0031,2,406,Low
4883,KE,organic,Pro,30.00,20261001,0.0008,1,124,Low
4884,NG,organic,Pro,30.00,20261001,0.0765,2,453,Low
4885,US,organic,Pro,30.00,20261001,0.0016,2,546,Low
4888,GB,organic,Pro,30.00,20261001,0.0118,2,266,Low
4890,KE,referral,Pro,30.00,20261001,0.0415,2,188,Low
4892,GH,organic,Team,80.00,20261001,0.0695,0,199,Low
4893,GH,ads,Pro,30.00,20261001,0.1342,2,629,Medium
4894,NG,organic,Pro,30.00,20261001,0.0032,1,177,Low
4895,GH,ads,Basic,10.00,20261001,0.0091,0,159,Low
4898,KE,referral,Team,80.00,20261001,0.0437,2,382,Low
4901,ZA,ads,Basic,10.00,20261001,0.1072,1,165,Medium
4903,NG,ads,Pro,30.00,20261001,0.0010,1,58,Low
4906,NG,referral,Basic,10.00,20261001,0.0014,0,226,Low
4908,ZA,organic,Basic,10.00,20261001,0.0023,1,31,Low
4909,GB,referral,Basic,10.00,20261001,0.0052,2,438,Low
4910,GH,referral,Pro,30.00,20261001,0.0004,2,563,Low
4915,ZA,organic,Basic,10.00,20261001,0.0015,1,152,Low
4916,NG,ads,Basic,10.00,20261001,0.0006,1,90,Low
4917,GH,referral,Basic,10.00,20261001,0.0045,2,316,Low
4919,ZA,ads,Team,80.00,20261001,0.0054,1,106,Low
4921,GB,organic,Team,80.00,20261001,0.0011,2,446,Low
4922,NG,referral,Basic,10.00,20261001,0.0094,2,404,Low
4925,ZA,ads,Basic,10.00,20261001,0.0057,2,319,Low
4927,GH,organic,Pro,30.00,20261001,0.0042,0,175,Low
4928,ZA,ads,Pro,30.00,20261001,0.0031,2,202,Low
4930,US,ads,Pro,30.00,20261001,0.0014,2,284,Low
4931,GH,organic,Basic,10.00,20261001,0.0087,1,240,Low
4932,GH,organic,Pro,30.00,20261001,0.0416,2,193,Low
4933,US,partner,Team,80.00,20261001,0.0013,2,501,Low
4934,GH,organic,Pro,30.00,20261001,0.0018,1,155,Low
4936,NG,organic,Pro,30.00,20261001,0.0039,2,434,Low
4937,NG,organic,Pro,30.00,20261001,0.0003,1,123,Low
4938,ZA,referral,Basic,10.00,20261001,0.0026,1,90,Low
4940,ZA,organic,Team,80.00,20261001,0.0874,1,66,Medium
4942,GB,partner,Basic,10.00,20261001,0.0021,1,186,Low
4944,ZA,ads,Basic,10.00,20261001,0.0077,0,131,Low
4947,US,partner,Basic,10.00,20261001,0.1390,1,115,Medium
4948,US,organic,Team,80.00,20261001,0.0043,2,242,Low
4949,US,referral,Basic,10.00,20261001,0.0062,0,244,Low
4951,GH,organic,Team,80.00,20261001,0.0021,2,288,Low
4952,ZA,organic,Basic,10.00,20261001,0.0683,0,556,Low
4954,NG,ads,Team,80.00,20261001,0.0010,2,504,Low
4955,GB,ads,Team,80.00,20261001,0.0039,2,230,Low
4956,NG,partner,Basic,10.00,20261001,0.0165,2,322,Low
4959,NG,organic,Pro,30.00,20261001,0.0145,0,634,Low
4961,US,organic,Pro,30.00,20261001,0.0020,1,78,Low
4962,KE,ads,Team,80.00,20261001,0.0071,2,647,Low
4966,GB,organic,Basic,10.00,20261001,0.0048,2,339,Low
4967,GH,organic,Team,80.00,20261001,0.0024,1,74,Low
4972,NG,organic,Pro,30.00,20261001,0.0413,1,65,Low
4976,NG,partner,Basic,10.00,20261001,0.0731,1,109,Low
4977,ZA,organic,Team,80.00,20261001,0.0025,2,625,Low
4978,US,organic,Pro,30.00,20261001,0.0027,2,193,Low
4980,KE,ads,Basic,10.00,20261001,0.0064,0,538,Low
4982,NG,organic,Team,80.00,20261001,0.0085,2,451,Low
4983,NG,referral,Pro,30.00,20261001,0.0043,0,363,Low
4984,KE,referral,Basic,10.00,20261001,0.0049,2,283,Low
4986,US,organic,Pro,30.00,20261001,0.0016,2,598,Low
4987,GH,referral,Team,80.00,20261001,0.0282,2,565,Low
4988,US,ads,Pro,30.00,20261001,0.0046,2,303,Low
4991,KE,ads,Basic,10.00,20261001,0.0004,1,261,Low
4993,KE,ads,Basic,10.00,20261001,0.0021,2,283,Low
4994,US,referral,Basic,10.00,20261001,0.0083,2,423,Low
4995,KE,organic,Basic,10.00,20261001,0.0008,1,227,Low
4996,US,organic,Basic,10.00,20261001,0.0006,1,57,Low
4997,NG,referral,Team,80.00,20261001,0.0028,2,146,Low
4998,US,organic,Team,80.00,20261001,0.0032,2,238,Low
5000,GH,organic,Basic,10.00,20261001,0.0015,1,100,Low
